Zip Code	Carrier Route ID	City / State	State	Business Count	Residential Count	Total Delivery Points	Median Income	Median Age	Age 20-24	Age 25-34	Age 35-44	Age 45-54	Age < 19	Age 55-64	Age 65-74	Age 85+	Age 75-84	Average Household Size
01001	C001	AGAWAM, MA	MA	11	596	607	73238	42	71	172	201	257	363	217	121	34	81	2.448960608
01001	C002	AGAWAM, MA	MA	20	533	553	45173	37	76	183	178	181	306	146	80	30	57	2.398277856
01001	C003	AGAWAM, MA	MA	36	423	459	43068	40	92	193	221	248	346	179	112	37	76	2.272396664
01001	C004	AGAWAM, MA	MA	10	298	308	68119	50	83	175	217	310	389	266	183	223	199	2.335310494
01001	C005	AGAWAM, MA	MA	53	462	515	68681	45	81	170	191	276	327	242	139	36	84	2.321985159
01001	C006	AGAWAM, MA	MA	14	526	540	55268	47	88	210	217	284	335	254	172	98	139	2.118060968
01001	C007	AGAWAM, MA	MA	15	649	664	55958	53	99	238	279	335	458	275	244	419	331	2.115742768
01001	C009	AGAWAM, MA	MA	88	372	460	71974	46	67	140	165	242	277	240	112	54	89	2.339313025
01001	C010	AGAWAM, MA	MA	14	704	718	67907	42	89	219	205	180	210	171	109	54	76	1.816435078
01001	C011	AGAWAM, MA	MA	10	627	637	77258	41	120	258	318	353	556	258	187	63	112	2.472937104
01001	C013	AGAWAM, MA	MA	48	663	711	68801	50	69	145	195	294	332	314	181	106	151	2.260301156
01001	C014	AGAWAM, MA	MA	19	640	659	62206	47	75	168	206	271	351	251	164	112	142	2.307956215
01001	C015	AGAWAM, MA	MA	18	218	236	71605	45	69	142	128	180	248	152	76	85	92	2.44663265
01001	C017	AGAWAM, MA	MA	31	409	440	65616	47	77	192	232	289	381	273	184	149	173	2.221055122
01001	C018	AGAWAM, MA	MA	113	217	330	68460	43	110	242	287	315	464	239	176	109	134	2.278897053
01002	C001	AMHERST, MA	MA	29	254	283	39799	25	881	143	74	53	975	59	44	31	28	2.463226158
01002	C002	AMHERST, MA	MA	92	488	580	73783	39	332	84	94	98	226	132	88	94	85	2.254342528
01002	C004	AMHERST, MA	MA	21	259	280	32217	25	529	247	142	153	327	144	74	12	34	2.529681426
01002	C005	AMHERST, MA	MA	12	397	409	36817	31	267	127	94	124	198	111	72	18	42	2.371728958
01002	C006	AMHERST, MA	MA	2	922	924	59080	35	308	223	130	138	291	142	72	24	59	2.312045738
01002	C007	AMHERST, MA	MA	75	334	409	58023	32	327	74	65	87	223	112	76	28	68	2.060261165
01002	C008	AMHERST, MA	MA	9	592	601	56627	33	415	111	104	144	415	130	81	16	46	2.638214397
01002	C009	AMHERST, MA	MA	18	624	642	61083	31	546	166	107	180	315	193	89	21	47	2.588810017
01002	C010	AMHERST, MA	MA	3	470	473	121234	40	172	122	142	234	368	237	96	8	43	2.659165601
01002	C011	AMHERST, MA	MA	2	972	974	33136	25	848	229	94	56	429	51	28	6	17	2.915405583
01002	C012	AMHERST, MA	MA	2	501	503	76432	34	247	129	126	198	316	189	98	20	55	2.550171416
01002	C014	AMHERST, MA	MA	211	479	690	32183	26	337	82	57	75	155	75	64	18	45	2.147433514
01002	C017	AMHERST, MA	MA	59	525	584	38711	24	519	144	80	102	258	90	51	10	32	2.273017685
01002	C018	AMHERST, MA	MA	17	310	327	66400	38	442	84	99	93	348	119	87	138	87	2.352257891
01002	R001	AMHERST, MA	MA	5	594	599	84209	49	111	101	116	191	235	252	129	68	99	2.324171524
01002	R003	AMHERST, MA	MA	3	193	196	72336	40	228	173	160	276	345	305	114	23	55	2.451028208
01002	R004	AMHERST, MA	MA	7	529	536	76190	41	185	142	147	204	294	235	115	18	67	2.450470994
01002	R005	AMHERST, MA	MA	26	606	632	86897	46	148	124	114	174	241	231	117	58	87	2.399877154
01002	R006	AMHERST, MA	MA	67	557	624	71673	39	260	160	138	223	325	244	102	32	61	2.445725622
01002	R007	AMHERST, MA	MA	21	531	552	138153	43	117	98	136	252	374	252	92	8	39	2.700851644
01002	R008	AMHERST, MA	MA	6	496	502	84630	47	108	116	140	231	276	270	118	23	70	2.420062905
01005	R001	BARRE, MA	MA	18	502	520	77018	42	80	155	248	301	443	258	129	30	61	2.669033794
01005	R002	BARRE, MA	MA	20	540	560	69930	41	77	140	229	295	469	224	107	29	62	2.658253907
01005	R003	BARRE, MA	MA	9	369	378	62511	40	72	127	207	275	455	194	91	29	61	2.61967682
01007	R001	BELCHERTOWN, MA	MA	14	671	685	80440	41	128	239	346	439	599	354	115	23	50	2.53943799
01007	R002	BELCHERTOWN, MA	MA	8	588	596	89924	40	109	231	440	525	814	343	131	34	75	2.791207966
01007	R003	BELCHERTOWN, MA	MA	4	649	653	97583	39	111	240	474	558	870	352	113	31	64	2.875118869
01007	R004	BELCHERTOWN, MA	MA	1	780	781	85867	41	112	209	350	433	613	320	100	19	42	2.709931284
01007	R005	BELCHERTOWN, MA	MA	3	729	732	62527	47	87	157	252	350	460	319	226	50	123	2.383076616
01007	R006	BELCHERTOWN, MA	MA	11	645	656	91885	41	182	343	503	612	863	537	151	30	63	2.635262719
01007	R007	BELCHERTOWN, MA	MA	18	577	595	84814	40	115	217	385	467	695	343	121	23	58	2.803769463
01007	R008	BELCHERTOWN, MA	MA	12	592	604	72466	40	170	330	459	561	847	462	158	33	83	2.576563597
01007	R009	BELCHERTOWN, MA	MA	43	575	618	63433	43	138	263	367	468	688	398	191	41	105	2.46557519
01008	H073	BLANDFORD, MA	MA	17	152	169	65930	47	50	93	144	217	235	218	90	21	47	2.44001539
01008	R001	BLANDFORD, MA	MA	2	184	186	72609	46	62	104	164	245	280	245	96	22	49	2.5174255
01010	H067	BRIMFIELD, MA	MA	0	93	93	72401	46	82	169	275	409	454	300	186	30	121	2.441925606
01010	R001	BRIMFIELD, MA	MA	9	549	558	69885	45	82	165	269	387	447	285	173	27	105	2.48221557
01010	R002	BRIMFIELD, MA	MA	19	522	541	81987	44	68	147	265	345	423	285	141	25	74	2.557049263
01010	R003	BRIMFIELD, MA	MA	2	249	251	84719	44	64	141	262	326	415	281	127	23	60	2.593142337
01011	R002	CHESTER, MA	MA	32	442	474	67526	47	59	118	178	299	312	266	127	20	59	2.400929193
01012	H065	CHESTERFIELD, MA	MA	0	69	69	63594	46	41	121	154	240	268	229	96	20	44	2.39
01013	C002	CHICOPEE, MA	MA	23	596	619	34240	36	122	277	175	193	301	133	109	44	90	2.181513063
01013	C003	CHICOPEE, MA	MA	154	560	714	31589	34	155	313	284	265	514	174	119	32	69	2.186030374
01013	C004	CHICOPEE, MA	MA	17	540	557	46970	39	134	178	158	173	308	174	87	59	85	2.122881419
01013	C005	CHICOPEE, MA	MA	60	573	633	38590	38	116	246	194	200	339	190	102	57	86	1.952769772
01013	C006	CHICOPEE, MA	MA	6	464	470	32723	34	93	200	164	173	388	131	61	18	45	2.466235834
01013	C007	CHICOPEE, MA	MA	1	422	423	53718	37	158	119	134	142	285	146	61	51	73	2.326719329
01013	C008	CHICOPEE, MA	MA	12	465	477	42326	32	130	199	168	158	394	133	74	39	64	2.376701055
01013	C009	CHICOPEE, MA	MA	25	390	415	56218	41	82	186	223	258	423	201	139	22	79	2.497658933
01013	C010	CHICOPEE, MA	MA	3	439	442	45191	48	40	98	126	148	171	140	106	33	95	2.217089827
01013	C012	CHICOPEE, MA	MA	6	320	326	42220	45	51	119	132	147	200	138	98	32	77	2.310988201
01013	C013	CHICOPEE, MA	MA	49	583	632	32833	34	138	291	237	229	441	152	110	35	73	2.227006621
01013	C014	CHICOPEE, MA	MA	20	508	528	59401	45	61	139	182	218	293	180	133	25	84	2.448698081
01013	C015	CHICOPEE, MA	MA	39	654	693	45580	37	94	200	160	190	327	136	86	38	65	2.364764944
01013	C016	CHICOPEE, MA	MA	17	724	741	25837	33	117	276	254	270	650	204	112	28	71	2.351995348
01013	C017	CHICOPEE, MA	MA	12	409	421	59384	41	93	197	172	201	306	148	114	79	79	2.462301504
01013	C019	CHICOPEE, MA	MA	41	698	739	40547	31	110	258	178	178	435	113	56	15	34	2.595466555
01013	C021	CHICOPEE, MA	MA	13	485	498	59996	43	69	136	135	195	251	173	107	45	74	2.392614047
01013	C053	CHICOPEE, MA	MA	23	548	571	50086	37	84	171	155	178	300	132	75	22	54	2.41787958
01013	C058	CHICOPEE, MA	MA	26	590	616	29328	31	107	260	207	218	576	174	84	19	51	2.483220938
01020	C020	CHICOPEE, MA	MA	15	316	331	61209	44	67	164	165	224	267	188	100	31	81	2.249596216
01020	C022	CHICOPEE, MA	MA	11	433	444	45104	40	53	144	137	151	279	125	76	43	63	2.363974117
01020	C023	CHICOPEE, MA	MA	3	370	373	73352	43	61	109	117	142	194	117	70	38	49	2.421030268
01020	C024	CHICOPEE, MA	MA	21	401	422	66026	43	78	167	168	203	273	201	104	44	76	2.267073588
01020	C025	CHICOPEE, MA	MA	53	354	407	72009	46	106	203	228	325	381	350	201	59	112	2.287850457
01020	C026	CHICOPEE, MA	MA	2	497	499	55093	36	106	182	142	172	319	128	64	31	52	2.381640234
01020	C027	CHICOPEE, MA	MA	5	480	485	53077	41	71	137	125	170	234	141	84	26	53	2.349741763
01020	C028	CHICOPEE, MA	MA	23	500	523	48060	44	59	151	132	187	238	187	119	29	72	2.133675833
01020	C029	CHICOPEE, MA	MA	6	460	466	87326	49	141	225	289	463	499	502	314	79	144	2.470137367
01020	C030	CHICOPEE, MA	MA	7	396	403	54198	42	84	147	154	204	269	186	96	28	69	2.387450985
01020	C031	CHICOPEE, MA	MA	1	335	336	69365	42	62	146	154	173	267	159	107	31	84	2.462212675
01020	C032	CHICOPEE, MA	MA	4	345	349	56585	50	83	170	186	285	308	302	187	85	155	2.146645559
01020	C033	CHICOPEE, MA	MA	9	396	405	54353	47	99	193	198	283	330	294	183	66	144	2.205522403
01020	C034	CHICOPEE, MA	MA	24	436	460	43959	42	64	126	108	150	198	121	79	29	53	2.200898272
01020	C035	CHICOPEE, MA	MA	9	525	534	39717	40	87	208	184	211	330	196	108	45	80	2.181944575
01020	C036	CHICOPEE, MA	MA	101	451	552	40533	30	104	224	166	152	427	102	68	24	40	2.370373323
01020	C037	CHICOPEE, MA	MA	25	495	520	49706	44	48	108	102	133	179	126	70	28	56	2.298762977
01020	C039	CHICOPEE, MA	MA	10	318	328	60831	49	86	161	163	282	251	272	174	44	123	2.099986399
01020	C042	CHICOPEE, MA	MA	28	354	382	68210	45	64	163	165	219	261	206	99	27	77	2.314357607
01020	C044	CHICOPEE, MA	MA	13	325	338	59179	43	75	186	196	252	308	234	109	23	77	2.321451885
01020	C046	CHICOPEE, MA	MA	18	480	498	48966	42	160	302	266	326	419	275	181	62	138	2.034102578
01020	C047	CHICOPEE, MA	MA	9	456	465	68009	45	82	189	173	232	281	213	116	39	99	2.234589127
01020	C048	CHICOPEE, MA	MA	27	554	581	49807	42	149	287	258	318	407	272	171	56	130	2.076080987
01020	C050	CHICOPEE, MA	MA	22	429	451	87272	49	140	224	288	462	498	501	313	78	144	2.469851211
01020	C052	CHICOPEE, MA	MA	39	455	494	51446	43	95	196	202	254	318	195	123	39	87	2.203508085
01020	C054	CHICOPEE, MA	MA	32	402	434	49017	41	91	190	149	205	290	205	133	30	91	2.242089953
01020	C055	CHICOPEE, MA	MA	94	631	725	52621	49	134	268	250	363	408	402	274	65	198	2.055143284
01020	C056	CHICOPEE, MA	MA	10	511	521	43574	43	80	172	159	193	273	193	126	35	99	2.246855782
01020	C060	CHICOPEE, MA	MA	17	800	817	38433	38	94	195	161	186	328	158	89	34	69	2.288363199
01020	C061	CHICOPEE, MA	MA	63	456	519	61386	44	101	200	195	249	308	221	136	53	106	2.2029739
01022	C049	CHICOPEE, MA	MA	40	554	594	52541	47	114	222	208	323	330	344	231	52	166	1.948064277
01022	C051	CHICOPEE, MA	MA	27	571	598	62040	29	212	144	104	135	362	163	88	12	64	1.997826975
01026	R011	CUMMINGTON, MA	MA	16	432	448	55231	48	26	70	123	182	183	188	63	18	40	2.232451258
01027	C001	EASTHAMPTON, MA	MA	27	548	575	64671	45	51	134	149	217	229	215	89	29	65	2.233095648
01027	C002	EASTHAMPTON, MA	MA	6	479	485	49510	45	78	215	225	264	295	239	125	53	100	2.118000415
01027	C003	EASTHAMPTON, MA	MA	4	468	472	50430	40	51	156	141	146	173	113	62	26	42	2.069600989
01027	C004	EASTHAMPTON, MA	MA	110	384	494	43470	41	60	159	147	169	191	138	73	33	61	2.024282207
01027	C006	EASTHAMPTON, MA	MA	16	432	448	62450	43	102	260	215	249	270	234	83	66	94	2.071952152
01027	C007	EASTHAMPTON, MA	MA	14	549	563	55753	42	97	304	323	327	413	300	145	59	104	2.237034229
01027	C008	EASTHAMPTON, MA	MA	4	591	595	69947	45	49	109	171	240	314	212	106	25	55	2.546838296
01027	C009	EASTHAMPTON, MA	MA	1	509	510	76585	45	63	138	196	272	334	277	129	18	45	2.628213354
01027	C010	EASTHAMPTON, MA	MA	118	427	545	54570	39	162	420	299	321	392	274	91	104	137	1.969998243
01027	C011	EASTHAMPTON, MA	MA	12	530	542	42926	40	53	144	117	162	198	133	55	17	47	2.083126699
01027	C013	EASTHAMPTON, MA	MA	84	487	571	51194	41	85	218	176	210	239	190	69	45	73	2.044882501
01027	C014	EASTHAMPTON, MA	MA	2	485	487	85766	43	67	158	203	253	336	287	105	6	27	2.691649239
01027	C026	EASTHAMPTON, MA	MA	144	521	665	55288	40	128	359	313	325	405	289	120	80	119	2.113947535
01027	C027	EASTHAMPTON, MA	MA	19	641	660	47878	39	82	252	222	223	282	199	86	39	69	2.103834139
01027	R001	EASTHAMPTON, MA	MA	13	552	565	79525	46	64	105	210	347	381	296	127	23	60	2.578139582
01027	R002	EASTHAMPTON, MA	MA	3	325	328	74823	47	81	197	237	344	366	373	154	46	105	2.323349956
01027	R003	EASTHAMPTON, MA	MA	4	437	441	80230	48	66	126	206	343	357	341	142	30	81	2.473855401
01028	C001	EAST LONGMEADOW, MA	MA	84	484	568	49941	47	59	128	184	234	355	173	159	105	154	2.293871504
01028	C002	EAST LONGMEADOW, MA	MA	71	526	597	81366	44	60	93	151	215	287	138	85	41	72	2.617011557
01028	C003	EAST LONGMEADOW, MA	MA	37	378	415	71091	43	58	124	183	203	330	151	109	57	93	2.532628734
01028	C004	EAST LONGMEADOW, MA	MA	2	469	471	101300	43	109	178	318	454	670	312	165	65	115	2.830292
01028	C005	EAST LONGMEADOW, MA	MA	102	382	484	69795	44	69	169	237	286	424	255	128	76	110	2.715834624
01028	C007	EAST LONGMEADOW, MA	MA	7	616	623	84287	45	87	148	245	345	495	239	157	72	131	2.607400494
01028	C009	EAST LONGMEADOW, MA	MA	2	591	593	88323	44	104	188	323	443	657	299	182	84	148	2.685902399
01028	C012	EAST LONGMEADOW, MA	MA	59	366	425	81496	43	84	154	261	347	518	222	133	63	108	2.659052758
01028	R001	EAST LONGMEADOW, MA	MA	7	650	657	100605	46	100	134	241	386	518	291	174	76	126	2.682695456
01028	R002	EAST LONGMEADOW, MA	MA	15	748	763	68997	45	65	156	244	287	447	241	151	115	141	2.601368959
01028	R003	EAST LONGMEADOW, MA	MA	3	654	657	90444	48	82	139	281	389	571	299	211	183	201	2.599827204
01028	R004	EAST LONGMEADOW, MA	MA	71	434	505	80599	49	68	142	307	385	601	299	237	260	257	2.519123328
01030	C001	FEEDING HILLS, MA	MA	3	613	616	64110	45	76	131	195	263	307	196	125	28	77	2.423259096
01030	C002	FEEDING HILLS, MA	MA	23	541	564	85868	44	110	169	285	380	522	354	157	41	78	2.678527027
01030	C003	FEEDING HILLS, MA	MA	72	517	589	53032	41	95	202	243	303	437	204	136	41	91	2.41484928
01030	C004	FEEDING HILLS, MA	MA	29	602	631	70629	44	79	154	202	290	382	236	128	28	80	2.584390901
01030	C005	FEEDING HILLS, MA	MA	66	721	787	65112	42	137	203	359	470	688	372	167	41	93	2.695059242
01030	C015	FEEDING HILLS, MA	MA	15	257	272	54707	42	60	136	159	200	310	150	88	37	71	2.506371259
01030	R001	FEEDING HILLS, MA	MA	9	728	737	94640	45	96	137	259	349	467	328	156	28	69	2.75266555
01030	R002	FEEDING HILLS, MA	MA	4	757	761	67583	43	134	198	352	473	659	391	168	37	89	2.624563047
01031	H062	GILBERTVILLE, MA	MA	5	185	190	67284	40	91	165	237	323	585	282	137	30	76	2.549465925
01032	R011	GOSHEN, MA	MA	1	64	65	69229	45	39	81	154	201	242	185	99	13	31	2.530109729
01033	R001	GRANBY, MA	MA	19	585	604	81334	43	70	135	212	279	365	209	105	21	62	2.628345939
01033	R002	GRANBY, MA	MA	8	556	564	92905	42	82	146	254	346	476	222	107	16	59	2.861384682
01033	R003	GRANBY, MA	MA	17	600	617	74491	44	68	132	192	250	313	211	112	24	71	2.491344317
01033	R004	GRANBY, MA	MA	28	580	608	76038	44	97	169	234	329	416	276	150	24	102	2.567827826
01034	H060	GRANVILLE, MA	MA	13	241	254	76276	46	71	92	190	312	358	236	103	19	68	2.567574863
01034	H068	GRANVILLE, MA	MA	6	268	274	85574	47	17	38	56	89	121	87	60	8	20	2.461776948
01034	R001	GRANVILLE, MA	MA	1	251	252	75208	45	77	98	205	339	386	253	107	20	73	2.580012623
01035	R011	HADLEY, MA	MA	40	531	571	67326	46	179	196	191	274	359	276	168	124	156	2.381810541
01035	R012	HADLEY, MA	MA	15	568	583	93671	46	82	88	127	205	229	174	81	34	61	2.516286637
01035	R013	HADLEY, MA	MA	227	437	664	75638	47	171	185	185	280	356	272	171	123	154	2.419320073
01035	R014	HADLEY, MA	MA	60	611	671	67811	45	128	140	146	202	263	206	112	68	96	2.355686493
01036	R012	HAMPDEN, MA	MA	2	602	604	76990	48	53	77	148	252	296	231	109	59	75	2.647118697
01036	R013	HAMPDEN, MA	MA	57	647	704	79384	47	56	80	142	236	296	199	121	34	63	2.608069477
01036	R014	HAMPDEN, MA	MA	5	655	660	79397	46	64	100	156	235	319	204	169	19	61	2.736608905
01038	R001	HATFIELD, MA	MA	27	665	692	52329	47	33	75	129	166	193	168	93	21	60	2.257035466
01038	R002	HATFIELD, MA	MA	5	312	317	59255	49	62	127	168	262	240	284	133	37	81	2.149180314
01039	R011	HAYDENVILLE, MA	MA	5	508	513	67301	48	49	134	178	294	299	300	115	40	70	2.226614397
01040	C001	HOLYOKE, MA	MA	36	652	688	18293	26	106	164	137	111	447	88	33	6	18	2.693778325
01040	C002	HOLYOKE, MA	MA	75	841	916	17622	29	78	121	94	101	315	75	40	8	18	2.696185403
01040	C003	HOLYOKE, MA	MA	0	265	265	78333	47	59	130	147	192	221	179	132	48	89	2.314657548
01040	C004	HOLYOKE, MA	MA	214	451	665	16698	33	81	113	92	89	276	77	43	12	21	2.302257271
01040	C006	HOLYOKE, MA	MA	94	845	939	17694	23	98	160	138	116	510	76	29	4	8	3.076910554
01040	C008	HOLYOKE, MA	MA	28	636	664	55531	34	89	211	165	181	374	138	72	18	41	2.646053636
01040	C009	HOLYOKE, MA	MA	1	347	348	67636	44	56	132	154	176	245	185	105	23	61	2.394685907
01040	C010	HOLYOKE, MA	MA	187	358	545	18387	26	92	138	112	100	401	77	32	6	13	2.803791382
01040	C011	HOLYOKE, MA	MA	28	763	791	22654	32	71	123	112	94	272	79	42	26	37	2.754478082
01040	C012	HOLYOKE, MA	MA	0	401	401	72112	51	49	109	140	188	208	178	111	74	100	2.305139
01040	C013	HOLYOKE, MA	MA	28	489	517	42855	34	78	130	130	130	253	97	55	17	31	2.555592004
01040	C014	HOLYOKE, MA	MA	4	593	597	67877	45	91	185	199	259	415	216	109	91	96	2.437018599
01040	C015	HOLYOKE, MA	MA	13	324	337	66235	48	41	98	146	171	200	162	123	34	90	2.311202975
01040	C016	HOLYOKE, MA	MA	40	603	643	29003	33	93	174	149	157	397	121	72	34	56	2.563283576
01040	C018	HOLYOKE, MA	MA	41	752	793	19830	32	81	114	93	92	265	76	43	12	24	2.38758073
01040	C019	HOLYOKE, MA	MA	2	250	252	80624	45	66	143	163	199	248	191	135	31	80	2.311511988
01040	C021	HOLYOKE, MA	MA	35	436	471	62571	38	78	159	146	165	272	127	71	22	47	2.559612919
01040	C022	HOLYOKE, MA	MA	33	571	604	46185	40	128	270	194	238	578	187	166	218	186	2.452027206
01040	C023	HOLYOKE, MA	MA	60	278	338	67344	36	77	176	145	147	334	124	59	49	50	2.450079434
01040	C024	HOLYOKE, MA	MA	14	379	393	69777	42	47	111	133	151	198	122	86	26	67	2.436837313
01040	C025	HOLYOKE, MA	MA	8	588	596	59714	39	71	134	145	159	253	144	88	23	54	2.441331141
01040	C026	HOLYOKE, MA	MA	45	562	607	57231	44	101	209	192	229	482	189	178	184	185	2.390620828
01040	C027	HOLYOKE, MA	MA	23	420	443	40340	35	93	208	178	170	471	130	71	68	59	2.396318349
01040	C028	HOLYOKE, MA	MA	7	514	521	44738	39	46	109	110	104	185	102	47	17	37	2.390103493
01040	C030	HOLYOKE, MA	MA	44	646	690	26319	34	64	119	101	99	229	90	49	16	31	2.392288837
01040	C031	HOLYOKE, MA	MA	7	695	702	61796	43	86	177	168	219	342	178	101	44	57	2.323285438
01040	C032	HOLYOKE, MA	MA	61	372	433	44937	32	87	165	136	154	370	100	62	52	51	2.679117724
01040	C033	HOLYOKE, MA	MA	2	336	338	64091	44	55	116	130	162	211	147	100	46	74	2.429233848
01040	C036	HOLYOKE, MA	MA	6	226	232	24655	31	71	121	108	98	280	78	40	23	35	2.819510821
01040	R001	HOLYOKE, MA	MA	5	562	567	80488	46	104	224	267	433	410	363	159	24	74	2.394138522
01040	R002	HOLYOKE, MA	MA	45	417	462	80448	46	84	175	209	279	336	248	158	48	100	2.345810214
01050	H063	HUNTINGTON, MA	MA	0	153	153	65277	45	57	118	173	259	306	218	107	20	52	2.466605427
01050	R001	HUNTINGTON, MA	MA	10	620	630	70724	45	52	109	178	223	264	203	107	17	31	2.562645536
01050	R002	HUNTINGTON, MA	MA	3	86	89	42841	40	64	112	120	166	219	128	41	17	25	2.42
01053	R001	LEEDS, MA	MA	12	674	686	64347	49	87	205	293	478	548	499	233	152	166	2.35044402
01054	H061	LEVERETT, MA	MA	11	488	499	77554	48	81	160	196	290	382	424	202	21	80	2.401565557
01054	R003	LEVERETT, MA	MA	2	257	259	78130	48	78	159	197	291	385	428	205	21	80	2.410388476
01056	C001	LUDLOW, MA	MA	17	539	556	54220	43	74	176	170	183	281	146	120	61	98	2.178111422
01056	C002	LUDLOW, MA	MA	26	591	617	54469	43	96	210	215	291	375	243	167	64	123	2.286384642
01056	C003	LUDLOW, MA	MA	9	656	665	51184	42	131	261	268	315	444	252	180	76	135	2.320573665
01056	C004	LUDLOW, MA	MA	12	413	425	61633	45	146	274	318	402	520	348	237	103	199	2.403461875
01056	C005	LUDLOW, MA	MA	3	431	434	55872	44	161	291	300	367	408	282	197	76	157	2.320242923
01056	C006	LUDLOW, MA	MA	6	561	567	66416	42	103	210	234	349	448	245	150	33	72	2.607473405
01056	C008	LUDLOW, MA	MA	9	451	460	89208	43	127	208	450	562	756	389	206	35	105	2.757350856
01056	C009	LUDLOW, MA	MA	27	535	562	56035	48	90	198	251	365	423	327	230	74	171	2.3673444
01056	C010	LUDLOW, MA	MA	4	453	457	71373	45	102	188	336	445	569	335	199	45	119	2.599507214
01056	C011	LUDLOW, MA	MA	40	589	629	60762	40	207	314	312	333	378	202	130	43	90	2.495516743
01056	C012	LUDLOW, MA	MA	8	618	626	91073	42	116	188	415	501	694	358	177	29	88	2.807399602
01056	C013	LUDLOW, MA	MA	27	567	594	58354	39	246	364	346	333	364	181	116	49	92	2.440039851
01056	C014	LUDLOW, MA	MA	28	608	636	75411	44	124	219	348	433	577	344	201	64	141	2.616259391
01056	C015	LUDLOW, MA	MA	6	496	502	104289	42	151	238	554	678	929	456	229	37	111	2.839906019
01056	C020	LUDLOW, MA	MA	114	495	609	48586	41	86	195	176	188	297	140	112	50	78	2.200912808
01056	C024	LUDLOW, MA	MA	81	560	641	52570	46	86	209	225	323	388	287	205	75	156	2.243498232
01057	C001	MONSON, MA	MA	55	305	360	59554	41	73	120	180	238	327	184	100	28	47	2.550848154
01057	C002	MONSON, MA	MA	29	480	509	70050	43	102	161	266	374	490	276	134	33	62	2.602179025
01057	R001	MONSON, MA	MA	1	619	620	75858	42	124	185	312	437	552	315	134	33	56	2.658258663
01057	R002	MONSON, MA	MA	1	605	606	76955	43	84	122	238	362	463	256	118	17	50	2.746275416
01057	R003	MONSON, MA	MA	25	640	665	56769	44	83	150	218	285	391	229	136	41	71	2.39708597
01057	R004	MONSON, MA	MA	7	608	615	68978	45	65	103	216	296	354	231	110	22	40	2.597671812
01060	C001	NORTHAMPTON, MA	MA	90	749	839	42741	37	161	372	205	229	202	214	96	35	45	1.833829357
01060	C002	NORTHAMPTON, MA	MA	37	671	708	52478	36	212	293	215	290	404	275	100	34	40	1.978163735
01060	C003	NORTHAMPTON, MA	MA	21	467	488	74419	42	104	196	212	294	338	281	109	26	45	2.195297937
01060	C004	NORTHAMPTON, MA	MA	296	200	496	40695	34	250	409	204	189	216	163	67	36	42	1.742332277
01060	C006	NORTHAMPTON, MA	MA	4	424	428	84933	38	280	255	233	300	525	379	153	41	80	2.137913859
01060	C007	NORTHAMPTON, MA	MA	49	365	414	53457	35	128	323	200	190	237	150	66	20	49	2.104441571
01060	C008	NORTHAMPTON, MA	MA	19	329	348	83119	36	398	235	212	272	575	331	135	39	73	2.062074033
01060	C009	NORTHAMPTON, MA	MA	21	309	330	74511	44	161	193	208	281	416	317	148	74	104	2.166128198
01060	C014	NORTHAMPTON, MA	MA	48	548	596	67975	39	79	179	149	166	216	144	62	16	35	2.18156214
01060	C017	NORTHAMPTON, MA	MA	27	459	486	56903	49	58	159	177	241	269	260	152	106	127	1.979537391
01060	C019	NORTHAMPTON, MA	MA	100	453	553	64748	41	112	235	173	198	185	184	81	25	40	2.031992188
01060	C021	NORTHAMPTON, MA	MA	123	462	585	53922	44	83	227	197	250	324	239	136	83	101	2.011735641
01060	C023	NORTHAMPTON, MA	MA	21	597	618	55088	37	135	299	228	269	442	238	114	33	59	2.101859147
01060	C026	NORTHAMPTON, MA	MA	117	271	388	66157	34	356	293	193	206	388	216	89	28	50	1.925676985
01060	C029	NORTHAMPTON, MA	MA	67	529	596	54511	37	197	463	268	233	150	191	84	38	62	1.822349368
01060	C032	NORTHAMPTON, MA	MA	152	476	628	51557	34	182	359	195	174	152	150	65	25	40	1.888358299
01062	C010	FLORENCE, MA	MA	16	477	493	72180	46	71	168	240	352	439	336	145	59	87	2.331137173
01062	C011	FLORENCE, MA	MA	31	346	377	56163	46	40	130	144	178	212	193	91	36	68	2.088563769
01062	C012	FLORENCE, MA	MA	101	442	543	56155	45	65	138	187	267	354	264	112	28	65	2.142289804
01062	C013	FLORENCE, MA	MA	4	389	393	60045	50	62	152	207	326	361	340	176	122	138	2.090448409
01062	C015	FLORENCE, MA	MA	4	510	514	44270	46	61	143	174	243	333	238	130	69	104	2.038395177
01062	C016	FLORENCE, MA	MA	1	500	501	68431	45	106	206	308	432	577	437	196	39	103	2.534773545
01062	C020	FLORENCE, MA	MA	95	418	513	75632	46	105	194	311	463	597	462	194	46	97	2.498776752
01062	C024	FLORENCE, MA	MA	22	465	487	66639	47	86	196	278	409	511	414	193	85	124	2.41201894
01062	C026	FLORENCE, MA	MA	4	324	328	59928	48	48	126	167	271	296	264	121	68	83	2.099331413
01062	R003	FLORENCE, MA	MA	0	186	186	81557	47	107	195	330	538	650	540	222	97	121	2.437598918
01062	R004	FLORENCE, MA	MA	0	662	662	93678	46	122	184	351	573	716	558	204	44	76	2.515855107
01068	R001	OAKHAM, MA	MA	20	493	513	80535	44	86	169	251	389	480	335	107	20	59	2.769697126
01068	R002	OAKHAM, MA	MA	5	164	169	80580	44	86	170	252	390	480	336	107	19	58	2.77014169
01069	C001	PALMER, MA	MA	36	418	454	41345	44	92	178	242	271	397	203	144	97	122	2.072908312
01069	C002	PALMER, MA	MA	42	388	430	49225	42	74	115	139	179	233	144	66	29	51	2.326394043
01069	C003	PALMER, MA	MA	78	436	514	37794	40	86	133	159	186	252	139	77	41	56	2.159817808
01069	C004	PALMER, MA	MA	39	392	431	52694	42	70	138	158	197	276	158	88	42	66	2.338033297
01069	C005	PALMER, MA	MA	25	356	381	50465	44	69	125	157	216	269	160	90	38	70	2.310385261
01069	R001	PALMER, MA	MA	13	565	578	84875	42	124	184	359	512	626	288	141	28	79	2.735666641
01069	R002	PALMER, MA	MA	5	616	621	74041	42	101	165	292	409	503	247	117	27	66	2.617258839
01069	R003	PALMER, MA	MA	70	387	457	55558	43	103	229	224	316	433	266	142	53	112	2.424907873
01070	H070	PLAINFIELD, MA	MA	3	231	234	57326	48	20	53	76	113	144	134	69	9	28	2.400540797
01071	H073	RUSSELL, MA	MA	1	21	22	68752	40	93	199	235	322	474	271	96	23	53	2.700066496
01071	R001	RUSSELL, MA	MA	2	236	238	68750	40	93	199	235	322	474	271	96	23	53	2.700015409
01072	H066	SHUTESBURY, MA	MA	2	533	535	73101	46	71	158	206	361	428	388	93	18	39	2.479531676
01073	R001	SOUTHAMPTON, MA	MA	4	626	630	82308	45	88	168	263	405	473	345	156	26	66	2.630955064
01073	R002	SOUTHAMPTON, MA	MA	28	558	586	67949	45	56	105	214	267	355	277	118	19	50	2.567456187
01073	R003	SOUTHAMPTON, MA	MA	13	589	602	69680	44	75	138	224	309	392	271	124	20	62	2.559967198
01073	R004	SOUTHAMPTON, MA	MA	21	626	647	65355	44	54	94	182	215	297	223	97	15	47	2.551789778
01075	C001	SOUTH HADLEY, MA	MA	23	387	410	76720	45	41	93	118	147	181	138	73	22	64	2.268901837
01075	C002	SOUTH HADLEY, MA	MA	72	377	449	93285	40	333	71	101	144	358	132	79	21	44	2.288214738
01075	C003	SOUTH HADLEY, MA	MA	11	218	229	89936	42	251	69	112	160	319	146	85	24	49	2.307197756
01075	C005	SOUTH HADLEY, MA	MA	40	380	420	64208	43	208	153	200	276	430	220	141	37	108	2.298309796
01075	C006	SOUTH HADLEY, MA	MA	1	335	336	66614	43	83	180	191	257	311	205	122	37	76	2.244478898
01075	C007	SOUTH HADLEY, MA	MA	3	381	384	47385	41	99	222	255	333	445	237	152	35	109	2.383677215
01075	C008	SOUTH HADLEY, MA	MA	41	528	569	61699	38	97	227	187	239	372	178	106	34	62	2.265566035
01075	C009	SOUTH HADLEY, MA	MA	22	496	518	41549	44	63	164	141	142	230	99	69	18	45	2.059110714
01075	C010	SOUTH HADLEY, MA	MA	50	330	380	76492	47	57	169	193	259	294	243	138	74	138	2.288291975
01075	C011	SOUTH HADLEY, MA	MA	16	360	376	66675	45	79	184	200	267	314	225	133	52	98	2.238971536
01075	C012	SOUTH HADLEY, MA	MA	41	565	606	75213	47	60	170	200	263	304	250	145	78	143	2.2901426
01075	C013	SOUTH HADLEY, MA	MA	9	468	477	88557	44	155	102	136	161	277	157	100	41	81	2.327483695
01075	C014	SOUTH HADLEY, MA	MA	27	372	399	64963	45	79	164	208	286	317	229	139	39	95	2.266232731
01075	C015	SOUTH HADLEY, MA	MA	1	382	383	51175	45	107	220	302	433	535	325	212	57	167	2.421453659
01075	C017	SOUTH HADLEY, MA	MA	3	489	492	51977	48	76	167	260	335	474	297	181	120	205	2.205688412
01075	R001	SOUTH HADLEY, MA	MA	4	719	723	71745	46	83	108	180	240	329	220	127	69	118	2.280778215
01075	R002	SOUTH HADLEY, MA	MA	3	240	243	52702	48	69	156	256	319	473	299	176	141	221	2.17
01077	R001	SOUTHWICK, MA	MA	15	685	700	84251	45	80	134	244	358	431	263	137	35	93	2.613857079
01077	R002	SOUTHWICK, MA	MA	12	862	874	65844	42	103	213	267	358	446	268	128	22	67	2.493642208
01077	R004	SOUTHWICK, MA	MA	33	642	675	84892	44	94	160	256	389	474	294	136	18	74	2.739029113
01077	R005	SOUTHWICK, MA	MA	55	724	779	96337	44	91	179	316	417	578	261	159	84	132	2.585743447
01077	R006	SOUTHWICK, MA	MA	10	775	785	85736	43	89	189	296	387	534	250	152	71	118	2.505208212
01080	C001	THREE RIVERS, MA	MA	12	504	516	52241	43	102	236	208	294	411	262	139	53	113	2.396180103
01080	C002	THREE RIVERS, MA	MA	22	428	450	43422	40	88	174	179	237	308	158	66	32	53	2.291420182
01080	C005	THREE RIVERS, MA	MA	0	89	89	43309	40	87	173	178	236	306	156	65	31	52	2.29
01081	H064	WALES, MA	MA	8	561	569	52713	43	84	204	251	344	429	280	140	17	60	2.502116284
01082	C001	WARE, MA	MA	10	492	502	33944	34	137	299	209	261	535	201	107	38	82	2.383933527
01082	C002	WARE, MA	MA	25	336	361	44241	38	57	127	121	146	230	106	67	27	42	2.363264406
01082	C003	WARE, MA	MA	58	447	505	44778	39	90	198	195	243	391	176	115	38	70	2.374611009
01082	C004	WARE, MA	MA	15	391	406	37692	42	64	142	133	163	267	134	93	37	64	2.257403946
01082	C005	WARE, MA	MA	58	440	498	38646	36	102	225	176	219	409	163	94	35	67	2.366200369
01082	R001	WARE, MA	MA	5	655	660	82098	44	105	222	342	459	516	384	164	33	75	2.526050349
01082	R002	WARE, MA	MA	6	612	618	60639	42	85	172	235	312	499	252	142	35	77	2.492267187
01082	R003	WARE, MA	MA	18	639	657	71020	44	92	200	293	379	449	315	153	35	73	2.457340287
01082	R004	WARE, MA	MA	12	359	371	65209	45	78	168	250	325	379	288	138	31	71	2.446626303
01084	H065	WEST CHESTERFIELD, MA	MA	0	43	43	63617	46	42	121	155	241	269	230	97	20	45	2.389667484
01085	C001	WESTFIELD, MA	MA	32	585	617	32332	36	171	322	288	301	556	201	110	65	100	2.359458791
01085	C002	WESTFIELD, MA	MA	6	546	552	71479	39	120	190	258	296	485	235	121	21	66	2.704802331
01085	C004	WESTFIELD, MA	MA	102	585	687	35818	31	158	262	208	210	503	143	81	24	49	2.473623642
01085	C005	WESTFIELD, MA	MA	46	292	338	57529	43	67	121	143	169	235	149	93	33	63	2.284257676
01085	C007	WESTFIELD, MA	MA	0	598	598	79914	40	115	174	282	312	503	256	135	18	59	2.773215793
01085	C008	WESTFIELD, MA	MA	2	584	586	89157	46	100	162	270	385	508	379	191	45	119	2.574787366
01085	C010	WESTFIELD, MA	MA	1	323	324	74279	41	303	112	160	240	521	220	128	42	76	2.515681277
01085	C011	WESTFIELD, MA	MA	39	533	572	48738	42	88	152	170	196	323	159	107	75	102	2.22766229
01085	C012	WESTFIELD, MA	MA	38	700	738	41386	35	118	178	166	181	354	131	68	22	45	2.45047318
01085	C013	WESTFIELD, MA	MA	5	416	421	77587	46	134	140	222	352	472	326	181	57	99	2.599307575
01085	C014	WESTFIELD, MA	MA	108	484	592	59428	45	89	164	245	302	423	302	196	62	119	2.436140258
01085	C015	WESTFIELD, MA	MA	14	648	662	49815	39	46	91	83	94	152	86	44	16	31	2.338528378
01085	C017	WESTFIELD, MA	MA	2	429	431	109503	44	117	192	338	514	762	430	188	38	121	2.860796684
01085	C018	WESTFIELD, MA	MA	32	606	638	68349	40	126	211	290	338	609	266	169	43	106	2.597625396
01085	C019	WESTFIELD, MA	MA	27	459	486	65925	44	92	173	187	239	316	198	128	59	103	2.254110117
01085	C020	WESTFIELD, MA	MA	29	583	612	47778	32	155	204	181	196	407	132	58	14	35	2.571019598
01085	C021	WESTFIELD, MA	MA	3	642	645	103185	45	84	130	238	309	429	282	143	55	77	2.73258009
01085	C022	WESTFIELD, MA	MA	17	483	500	74110	42	64	105	167	216	309	178	87	19	47	2.67753146
01085	C023	WESTFIELD, MA	MA	23	481	504	81474	45	95	177	245	326	434	314	171	49	124	2.433734605
01085	C024	WESTFIELD, MA	MA	3	515	518	99354	43	117	190	310	442	647	389	178	34	110	2.743041446
01085	C025	WESTFIELD, MA	MA	133	316	449	68900	42	135	225	307	387	621	311	177	69	129	2.536391126
01085	C026	WESTFIELD, MA	MA	5	542	547	72356	44	120	193	253	290	386	319	168	22	92	2.419349322
01085	C027	WESTFIELD, MA	MA	73	437	510	58379	41	96	161	228	270	410	238	149	45	95	2.474557602
01085	C028	WESTFIELD, MA	MA	38	430	468	45838	39	135	187	169	204	293	150	96	69	68	2.112757087
01085	C029	WESTFIELD, MA	MA	1	481	482	82212	44	108	164	331	415	661	341	222	57	139	2.64
01085	C030	WESTFIELD, MA	MA	54	717	771	37447	31	189	371	294	293	712	186	103	25	63	2.564271498
01085	C033	WESTFIELD, MA	MA	81	515	596	48554	40	99	153	152	178	275	130	85	58	69	2.181513039
01085	C034	WESTFIELD, MA	MA	53	639	692	46087	41	107	192	197	224	348	193	124	60	99	2.256235365
01085	R001	WESTFIELD, MA	MA	21	538	559	75083	45	62	89	146	210	250	192	98	20	35	2.548611856
01085	R002	WESTFIELD, MA	MA	12	715	727	74107	45	92	149	287	333	487	326	203	46	93	2.609658115
01085	R004	WESTFIELD, MA	MA	62	509	571	57159	44	71	121	200	243	337	230	134	32	65	2.514373928
01088	R002	WEST HATFIELD, MA	MA	42	294	336	62442	49	70	141	177	286	250	313	144	40	83	2.141921907
01089	C001	WEST SPRINGFIELD, MA	MA	61	416	477	51182	41	58	139	124	149	215	123	73	22	60	2.198430413
01089	C002	WEST SPRINGFIELD, MA	MA	43	538	581	45129	34	134	304	194	224	354	170	82	25	44	2.172950435
01089	C003	WEST SPRINGFIELD, MA	MA	0	273	273	70006	45	74	135	201	259	343	230	139	43	99	2.470762962
01089	C004	WEST SPRINGFIELD, MA	MA	0	296	296	69577	46	48	86	142	206	247	158	84	29	84	2.532762653
01089	C006	WEST SPRINGFIELD, MA	MA	69	411	480	64740	38	128	317	237	321	490	227	128	57	89	2.350030603
01089	C007	WEST SPRINGFIELD, MA	MA	0	328	328	60149	41	68	160	195	226	377	194	103	37	81	2.464876834
01089	C008	WEST SPRINGFIELD, MA	MA	106	314	420	35228	33	126	268	185	190	382	144	65	19	38	2.286550023
01089	C010	WEST SPRINGFIELD, MA	MA	162	227	389	48137	31	96	161	157	170	396	116	51	10	19	3.013737224
01089	C011	WEST SPRINGFIELD, MA	MA	114	359	473	33483	35	79	168	138	151	231	96	43	10	25	2.232874607
01089	C012	WEST SPRINGFIELD, MA	MA	46	385	431	50640	37	120	292	197	240	376	186	99	44	67	2.16187158
01089	C013	WEST SPRINGFIELD, MA	MA	164	273	437	37815	43	150	268	192	246	300	203	126	67	86	1.866578742
01089	C014	WEST SPRINGFIELD, MA	MA	4	269	273	72762	45	87	141	209	287	405	259	142	39	100	2.620626507
01089	C015	WEST SPRINGFIELD, MA	MA	58	426	484	31406	49	87	137	131	209	192	179	126	93	105	1.84
01089	C016	WEST SPRINGFIELD, MA	MA	1	297	298	60814	43	59	146	163	188	276	182	102	29	67	2.353891498
01089	C018	WEST SPRINGFIELD, MA	MA	1	374	375	61782	45	81	129	180	246	367	231	133	35	104	2.53364474
01089	C019	WEST SPRINGFIELD, MA	MA	59	449	508	34004	45	72	144	144	138	177	149	123	22	72	2.031179799
01089	C020	WEST SPRINGFIELD, MA	MA	8	464	472	58412	44	105	192	224	290	418	272	153	56	118	2.313163107
01089	C021	WEST SPRINGFIELD, MA	MA	14	392	406	76116	46	73	137	201	273	348	233	141	43	105	2.475810512
01089	C022	WEST SPRINGFIELD, MA	MA	25	437	462	42697	39	91	204	155	172	247	150	85	20	47	2.047010204
01089	C023	WEST SPRINGFIELD, MA	MA	0	402	402	78986	45	89	141	208	305	422	270	143	37	107	2.67198559
01089	C024	WEST SPRINGFIELD, MA	MA	4	425	429	58954	41	110	255	208	286	418	208	120	60	90	2.295957747
01089	C025	WEST SPRINGFIELD, MA	MA	133	347	480	31646	33	144	262	213	226	506	150	67	16	38	2.585390999
01089	C026	WEST SPRINGFIELD, MA	MA	69	395	464	36646	47	59	123	120	151	151	130	92	62	89	1.925022012
01089	C028	WEST SPRINGFIELD, MA	MA	6	312	318	61161	37	81	199	152	195	301	135	65	22	52	2.363389743
01089	C029	WEST SPRINGFIELD, MA	MA	0	538	538	64490	43	85	156	214	277	448	239	128	41	103	2.594770867
01089	C030	WEST SPRINGFIELD, MA	MA	0	350	350	88795	48	86	147	231	338	417	359	204	40	156	2.511378014
01089	C031	WEST SPRINGFIELD, MA	MA	40	405	445	40961	31	145	250	210	224	537	154	68	15	31	2.913736775
01089	C034	WEST SPRINGFIELD, MA	MA	54	648	702	41047	44	131	244	186	254	309	203	128	74	93	1.942270061
01089	C035	WEST SPRINGFIELD, MA	MA	1	262	263	39682	32	156	321	197	223	358	165	73	10	25	2.226373659
01089	R004	WEST SPRINGFIELD, MA	MA	38	643	681	58502	42	160	294	242	299	399	290	158	42	106	2.084196515
01089	R005	WEST SPRINGFIELD, MA	MA	4	673	677	83382	47	102	165	263	362	498	417	230	41	165	2.57523812
01095	C001	WILBRAHAM, MA	MA	42	521	563	83669	49	65	95	188	256	366	223	160	95	145	2.478247983
01095	C002	WILBRAHAM, MA	MA	63	556	619	51800	49	41	92	108	173	230	142	105	46	109	2.224180194
01095	C003	WILBRAHAM, MA	MA	2	548	550	78312	45	66	108	215	293	457	232	149	76	124	2.66192679
01095	C004	WILBRAHAM, MA	MA	28	495	523	92891	47	83	121	251	362	508	313	193	112	165	2.593369912
01095	C005	WILBRAHAM, MA	MA	5	464	469	90089	45	77	121	260	381	561	319	174	74	127	2.743948051
01095	C006	WILBRAHAM, MA	MA	128	480	608	61863	49	56	105	155	227	315	190	140	71	138	2.292564957
01095	R001	WILBRAHAM, MA	MA	2	475	477	94554	47	108	179	341	582	748	517	241	82	174	2.57806567
01095	R002	WILBRAHAM, MA	MA	3	493	496	122952	45	102	111	272	442	606	350	185	40	122	2.83284365
01095	R003	WILBRAHAM, MA	MA	1	451	452	121929	46	71	103	211	365	479	309	145	56	99	2.712474686
01095	R004	WILBRAHAM, MA	MA	4	622	626	103060	44	45	79	160	241	336	185	100	32	54	2.781539786
01095	R005	WILBRAHAM, MA	MA	4	442	446	136045	45	88	89	228	378	520	293	153	31	95	2.859413008
01096	R001	WILLIAMSBURG, MA	MA	8	486	494	70000	48	43	90	147	220	236	238	95	19	49	2.343772399
01096	R002	WILLIAMSBURG, MA	MA	4	385	389	68726	46	39	92	147	209	236	201	93	16	38	2.448925024
01098	H063	WORTHINGTON, MA	MA	2	166	168	71775	50	62	118	191	374	296	377	171	20	61	2.270866236
01098	H065	WORTHINGTON, MA	MA	3	181	184	70527	50	60	116	187	362	288	364	164	20	60	2.265992469
01103	C003	SPRINGFIELD, MA	MA	103	359	462	11900	35	224	306	207	255	387	273	121	12	48	1.674118316
01103	C005	SPRINGFIELD, MA	MA	147	416	563	12996	35	219	299	204	250	376	267	117	11	46	1.666457071
01103	C006	SPRINGFIELD, MA	MA	111	267	378	22638	34	159	243	155	182	266	173	82	10	31	1.716777766
01103	C008	SPRINGFIELD, MA	MA	119	503	622	19966	35	173	248	175	203	304	206	87	8	34	1.728745683
01103	C012	SPRINGFIELD, MA	MA	183	120	303	17187	35	192	269	188	223	331	232	100	9	39	1.669729266
01104	C001	SPRINGFIELD, MA	MA	63	607	670	15958	32	115	178	149	152	374	145	80	13	39	2.319230684
01104	C002	SPRINGFIELD, MA	MA	121	155	276	47005	40	81	182	175	219	306	168	93	26	66	2.428013851
01104	C003	SPRINGFIELD, MA	MA	2	397	399	43586	37	89	148	165	170	348	132	67	25	56	2.881903068
01104	C005	SPRINGFIELD, MA	MA	25	451	476	36970	37	89	176	174	206	354	149	70	30	63	2.528347753
01104	C006	SPRINGFIELD, MA	MA	85	119	204	44190	39	89	187	178	217	350	163	92	25	65	2.467292193
01104	C007	SPRINGFIELD, MA	MA	22	415	437	49017	38	91	187	191	223	368	171	89	26	55	2.533851142
01104	C008	SPRINGFIELD, MA	MA	23	436	459	51370	39	104	200	201	262	379	192	96	36	61	2.51373572
01104	C010	SPRINGFIELD, MA	MA	1	372	373	38515	39	112	201	184	261	381	176	82	44	74	2.561213863
01104	C011	SPRINGFIELD, MA	MA	20	521	541	38538	31	111	194	182	151	413	110	55	16	46	3.06028784
01104	C012	SPRINGFIELD, MA	MA	1	423	424	43024	36	91	184	184	167	378	135	68	26	66	2.695631701
01104	C014	SPRINGFIELD, MA	MA	8	555	563	31562	32	128	219	209	194	488	138	67	20	56	2.97709279
01104	C015	SPRINGFIELD, MA	MA	21	449	470	41796	38	71	147	164	183	324	135	77	25	58	2.455599798
01104	C016	SPRINGFIELD, MA	MA	63	458	521	33192	35	78	157	145	164	335	120	59	20	42	2.601161837
01104	C017	SPRINGFIELD, MA	MA	9	449	458	36396	34	97	166	184	194	435	132	67	27	55	2.702573415
01104	C018	SPRINGFIELD, MA	MA	27	498	525	32697	37	85	147	162	150	351	131	82	44	64	3.051013966
01104	C020	SPRINGFIELD, MA	MA	10	536	546	40849	37	69	129	173	169	331	114	65	24	50	2.621226603
01104	C022	SPRINGFIELD, MA	MA	0	495	495	46696	38	72	151	162	149	310	135	70	28	69	2.442865354
01104	C024	SPRINGFIELD, MA	MA	46	419	465	52670	40	65	113	140	150	259	119	72	33	56	2.536678856
01104	C025	SPRINGFIELD, MA	MA	68	556	624	21322	28	123	217	177	149	570	114	95	21	68	2.913959331
01104	C026	SPRINGFIELD, MA	MA	26	1013	1039	18630	32	113	190	152	145	462	129	92	21	55	2.825282209
01105	C001	SPRINGFIELD, MA	MA	43	1156	1199	18866	34	128	182	155	176	316	150	59	7	23	1.905852167
01105	C009	SPRINGFIELD, MA	MA	62	776	838	17073	30	124	201	155	156	421	138	65	24	37	2.215473387
01105	C010	SPRINGFIELD, MA	MA	84	728	812	24110	33	98	147	137	159	305	114	46	6	18	2.370482587
01105	C011	SPRINGFIELD, MA	MA	29	653	682	22676	27	224	359	289	319	931	201	95	10	37	2.778561128
01105	C012	SPRINGFIELD, MA	MA	119	529	648	19779	30	183	280	207	219	640	142	72	14	35	2.342221951
01105	C015	SPRINGFIELD, MA	MA	27	667	694	19472	27	147	219	183	192	578	127	62	20	34	2.694684861
01105	C020	SPRINGFIELD, MA	MA	40	630	670	24587	32	116	198	129	140	309	94	52	11	22	2.042260478
01106	C002	LONGMEADOW, MA	MA	0	336	336	129470	44	68	121	344	432	759	351	207	59	132	2.821582982
01106	C003	LONGMEADOW, MA	MA	5	386	391	82940	44	64	149	255	344	518	269	154	45	93	2.620290885
01106	C004	LONGMEADOW, MA	MA	2	396	398	76752	53	60	74	197	314	466	307	215	233	215	2.405774661
01106	C007	LONGMEADOW, MA	MA	36	304	340	93317	47	48	61	166	250	375	245	131	41	81	2.716147945
01106	C008	LONGMEADOW, MA	MA	3	381	384	73809	43	78	162	282	375	583	282	158	47	96	2.631184299
01106	C010	LONGMEADOW, MA	MA	13	248	261	122733	39	181	122	333	435	854	337	167	47	109	2.817396121
01106	C011	LONGMEADOW, MA	MA	7	289	296	112384	42	89	157	430	475	901	400	219	67	147	2.780225766
01106	C012	LONGMEADOW, MA	MA	2	319	321	116095	38	202	115	274	402	767	294	140	37	88	2.792884402
01106	C014	LONGMEADOW, MA	MA	8	237	245	129550	42	146	94	220	327	597	264	134	36	84	2.723804451
01106	C015	LONGMEADOW, MA	MA	6	413	419	106765	40	138	138	331	423	779	329	171	50	110	2.759354824
01106	C016	LONGMEADOW, MA	MA	4	288	292	84760	46	52	51	158	234	381	225	104	40	67	2.728487344
01106	C017	LONGMEADOW, MA	MA	17	295	312	132347	50	39	72	129	210	282	217	135	56	93	2.552902743
01106	C019	LONGMEADOW, MA	MA	2	335	337	140093	45	52	92	273	392	638	309	194	52	119	2.845844696
01106	C020	LONGMEADOW, MA	MA	5	335	340	121800	39	177	115	317	421	822	327	162	46	105	2.815230968
01106	C021	LONGMEADOW, MA	MA	1	326	327	115262	48	66	85	203	313	448	292	183	51	115	2.710473405
01106	C022	LONGMEADOW, MA	MA	2	359	361	63707	55	55	68	190	307	461	307	222	299	249	2.284921279
01106	C023	LONGMEADOW, MA	MA	1	288	289	109939	46	50	93	235	323	537	264	171	51	112	2.569862175
01106	C025	LONGMEADOW, MA	MA	88	545	633	59705	54	49	71	176	277	424	273	202	261	224	2.201721502
01107	C001	SPRINGFIELD, MA	MA	46	952	998	15817	27	110	201	204	172	676	162	77	11	42	2.83243097
01107	C003	SPRINGFIELD, MA	MA	8	231	239	50754	44	62	95	139	172	227	157	62	34	61	2.568385264
01107	C004	SPRINGFIELD, MA	MA	15	530	545	22287	30	101	169	139	122	442	114	90	21	55	2.700778435
01107	C005	SPRINGFIELD, MA	MA	24	714	738	14549	27	136	245	256	214	863	206	103	16	59	2.828867117
01107	C006	SPRINGFIELD, MA	MA	40	537	577	32296	31	79	124	124	115	340	101	41	15	29	2.951366064
01107	C007	SPRINGFIELD, MA	MA	96	242	338	17384	24	78	140	107	84	388	56	31	2	10	3.02912033
01107	C009	SPRINGFIELD, MA	MA	6	460	466	41223	37	89	205	220	221	430	165	75	19	80	2.666922451
01107	C027	SPRINGFIELD, MA	MA	2	315	317	35489	30	91	140	143	131	385	93	52	16	33	3.149731286
01108	C001	SPRINGFIELD, MA	MA	75	752	827	22939	26	158	243	197	195	622	125	57	7	27	2.76490382
01108	C002	SPRINGFIELD, MA	MA	19	609	628	37332	33	95	165	129	127	379	94	51	17	37	2.439252064
01108	C003	SPRINGFIELD, MA	MA	12	652	664	30185	26	189	293	263	209	795	137	65	14	34	3.164093502
01108	C004	SPRINGFIELD, MA	MA	6	291	297	38110	32	84	149	127	139	323	100	45	9	27	2.545961172
01108	C006	SPRINGFIELD, MA	MA	24	453	477	54942	32	98	175	193	169	436	128	49	12	44	2.875537923
01108	C010	SPRINGFIELD, MA	MA	1	324	325	60977	41	75	115	91	127	150	125	52	16	32	2.1257209
01108	C011	SPRINGFIELD, MA	MA	20	433	453	33043	37	76	147	144	146	302	113	62	18	47	2.448356903
01108	C012	SPRINGFIELD, MA	MA	7	496	503	51698	40	72	175	158	181	250	177	88	31	67	2.287533285
01108	C014	SPRINGFIELD, MA	MA	47	422	469	26848	30	110	175	168	154	416	109	58	13	38	2.877353666
01108	C015	SPRINGFIELD, MA	MA	20	443	463	25332	28	106	168	170	150	455	95	57	13	27	3.069877439
01108	C019	SPRINGFIELD, MA	MA	35	444	479	49613	31	106	179	183	184	448	122	55	19	41	2.939009266
01108	C020	SPRINGFIELD, MA	MA	39	627	666	27795	27	151	237	202	162	611	118	53	10	25	3.10836908
01108	C021	SPRINGFIELD, MA	MA	1	392	393	57215	36	81	180	168	137	363	138	71	16	58	2.778351511
01108	C022	SPRINGFIELD, MA	MA	0	409	409	56397	33	98	167	163	192	392	126	53	25	43	2.842143957
01108	C026	SPRINGFIELD, MA	MA	21	470	491	33924	29	130	199	220	181	562	125	74	17	34	3.030081972
01108	C028	SPRINGFIELD, MA	MA	37	562	599	21273	30	98	163	160	148	407	95	51	10	19	2.962648991
01108	C029	SPRINGFIELD, MA	MA	0	266	266	40898	35	82	172	154	157	349	139	67	22	48	2.766927515
01108	C030	SPRINGFIELD, MA	MA	34	883	917	26766	30	107	180	157	143	458	98	52	12	28	2.71388552
01108	C037	SPRINGFIELD, MA	MA	2	373	375	57268	45	94	255	231	289	349	293	150	59	131	2.147856969
01108	C040	SPRINGFIELD, MA	MA	4	442	446	49207	40	91	223	195	228	343	225	114	41	95	2.387618255
01108	C044	SPRINGFIELD, MA	MA	28	352	380	49891	42	78	195	176	195	318	203	114	46	98	2.314408269
01109	C001	SPRINGFIELD, MA	MA	15	489	504	34771	32	101	183	170	184	435	141	70	10	32	3.08281366
01109	C002	SPRINGFIELD, MA	MA	28	349	377	43263	38	60	111	122	147	287	112	60	11	44	2.933886808
01109	C004	SPRINGFIELD, MA	MA	26	535	561	21121	25	147	114	90	92	369	56	35	4	17	2.954052765
01109	C005	SPRINGFIELD, MA	MA	5	442	447	48166	33	74	152	154	176	401	123	61	11	33	2.766999605
01109	C006	SPRINGFIELD, MA	MA	71	441	512	19330	27	98	125	107	112	354	71	41	6	26	2.967385057
01109	C007	SPRINGFIELD, MA	MA	11	407	418	26856	24	263	82	88	96	356	58	31	6	22	3.009247392
01109	C008	SPRINGFIELD, MA	MA	0	429	429	47360	35	95	153	170	173	370	132	73	13	41	2.772784392
01109	C010	SPRINGFIELD, MA	MA	13	700	713	26302	25	228	226	208	194	742	136	86	18	53	2.864960569
01109	C012	SPRINGFIELD, MA	MA	6	378	384	43017	36	119	126	155	154	341	118	71	19	53	2.71769714
01109	C013	SPRINGFIELD, MA	MA	2	566	568	36857	29	197	128	122	118	483	82	60	10	39	3.014880852
01109	C014	SPRINGFIELD, MA	MA	8	408	416	43325	35	72	152	147	176	359	124	73	14	41	2.725058151
01109	C017	SPRINGFIELD, MA	MA	17	377	394	63172	36	75	141	152	162	345	116	70	48	46	2.778837407
01109	C018	SPRINGFIELD, MA	MA	26	439	465	23658	25	218	175	165	163	581	124	68	14	47	2.952931148
01109	C019	SPRINGFIELD, MA	MA	16	562	578	18890	27	151	206	185	178	642	119	74	17	43	2.852604132
01109	C020	SPRINGFIELD, MA	MA	0	520	520	30478	26	202	135	135	149	551	93	77	11	43	3.048839894
01109	C021	SPRINGFIELD, MA	MA	45	557	602	21965	26	84	108	101	95	336	60	38	6	21	3.059066778
01109	C022	SPRINGFIELD, MA	MA	24	586	610	45503	38	109	125	129	140	281	124	74	37	60	2.547767863
01109	C024	SPRINGFIELD, MA	MA	18	427	445	44572	31	108	170	161	177	474	122	59	13	37	2.762371361
01109	C027	SPRINGFIELD, MA	MA	27	450	477	33385	30	92	171	154	194	507	124	55	10	31	2.668424404
01109	C033	SPRINGFIELD, MA	MA	1	458	459	44570	42	93	114	114	129	240	118	81	67	77	2.400233612
01109	C043	SPRINGFIELD, MA	MA	85	267	352	48675	36	92	146	156	167	351	123	79	16	48	2.676294245
01109	C056	SPRINGFIELD, MA	MA	5	548	553	34049	25	281	197	193	181	653	144	91	18	59	2.935134817
01118	C005	SPRINGFIELD, MA	MA	0	437	437	65572	43	57	147	142	170	238	159	87	31	65	2.38818149
01118	C016	SPRINGFIELD, MA	MA	9	384	393	72456	41	55	164	164	178	263	162	77	32	62	2.418321288
01118	C023	SPRINGFIELD, MA	MA	8	381	389	65437	43	56	166	173	197	267	186	91	40	76	2.346533049
01118	C027	SPRINGFIELD, MA	MA	0	358	358	75404	45	38	98	91	119	158	125	62	21	49	2.32293463
01118	C031	SPRINGFIELD, MA	MA	8	378	386	89389	40	46	143	149	153	229	139	72	22	48	2.451665505
01118	C035	SPRINGFIELD, MA	MA	34	330	364	55946	44	38	100	103	129	164	108	78	20	50	2.234214413
01118	C039	SPRINGFIELD, MA	MA	7	490	497	71371	44	47	114	104	137	179	134	77	29	53	2.425763875
01118	C041	SPRINGFIELD, MA	MA	37	629	666	75933	46	70	146	143	184	316	178	110	67	89	2.425201487
01118	C042	SPRINGFIELD, MA	MA	17	597	614	55665	40	90	189	165	198	399	170	100	29	62	2.478002268
01118	C046	SPRINGFIELD, MA	MA	1	544	545	39923	32	173	325	246	293	796	220	136	29	64	2.628467526
01118	C047	SPRINGFIELD, MA	MA	4	399	403	77627	46	43	103	83	129	151	141	63	20	55	2.359295206
01118	C048	SPRINGFIELD, MA	MA	5	558	563	67655	38	70	210	187	196	306	148	72	31	55	2.25527897
01118	C049	SPRINGFIELD, MA	MA	16	468	484	60441	36	77	227	204	204	354	144	68	28	57	2.588521095
01119	C015	SPRINGFIELD, MA	MA	81	419	500	41434	35	76	180	163	192	387	147	87	20	55	2.608507836
01119	C025	SPRINGFIELD, MA	MA	3	608	611	47098	36	98	187	191	211	467	146	94	104	81	2.515311842
01119	C028	SPRINGFIELD, MA	MA	1	397	398	35841	37	108	247	223	267	512	211	123	33	84	2.482470761
01119	C029	SPRINGFIELD, MA	MA	6	452	458	71520	31	316	116	127	136	540	148	76	39	62	2.512715716
01119	C032	SPRINGFIELD, MA	MA	13	439	452	48403	24	521	144	144	158	621	173	90	41	72	2.364958141
01119	C035	SPRINGFIELD, MA	MA	2	739	741	43694	36	122	225	199	233	480	179	111	48	81	2.488085272
01119	C038	SPRINGFIELD, MA	MA	41	484	525	46519	36	79	174	168	202	400	148	83	20	59	2.542448524
01119	C039	SPRINGFIELD, MA	MA	2	713	715	42864	32	183	396	298	323	859	258	158	29	105	2.570068055
01119	C041	SPRINGFIELD, MA	MA	0	491	491	48681	33	174	355	266	292	771	234	146	25	98	2.57999221
01119	C051	SPRINGFIELD, MA	MA	1	432	433	54851	34	265	118	122	147	224	127	77	21	63	2.465110337
01128	C034	SPRINGFIELD, MA	MA	49	536	585	63841	41	139	284	279	332	596	321	171	59	115	2.515820101
01128	C036	SPRINGFIELD, MA	MA	0	572	572	71896	44	125	277	328	383	494	411	194	57	137	2.467149589
01129	C030	SPRINGFIELD, MA	MA	6	441	447	75758	46	114	259	311	364	452	393	191	65	143	2.44233136
01129	C031	SPRINGFIELD, MA	MA	2	637	639	45331	37	88	199	183	223	424	192	86	24	60	2.504018298
01129	C034	SPRINGFIELD, MA	MA	1	474	475	62972	44	129	308	388	396	558	435	229	54	163	2.301624197
01129	C036	SPRINGFIELD, MA	MA	26	377	403	67445	43	81	167	205	230	328	256	116	22	66	2.424208273
01129	C037	SPRINGFIELD, MA	MA	154	365	519	47856	33	67	176	149	165	346	105	64	13	42	2.618120294
01129	C040	SPRINGFIELD, MA	MA	0	481	481	62925	44	129	308	387	395	557	434	228	53	163	2.300279776
01129	C050	SPRINGFIELD, MA	MA	29	272	301	61468	43	125	295	360	373	541	403	211	49	150	2.327213569
01144	C003	SPRINGFIELD, MA	MA	60	0	60	11660	35	223	301	201	257	391	268	122	11	44	1.67
01151	C001	INDIAN ORCHARD, MA	MA	85	573	658	36105	35	86	196	168	172	332	133	72	28	53	2.43468731
01151	C003	INDIAN ORCHARD, MA	MA	21	473	494	40387	34	75	204	181	174	401	138	65	18	47	2.634330049
01151	C004	INDIAN ORCHARD, MA	MA	19	587	606	38052	35	111	227	212	214	481	154	88	22	59	2.575710083
01151	C005	INDIAN ORCHARD, MA	MA	24	702	726	36530	35	90	217	190	174	385	141	77	27	58	2.53843058
01151	C006	INDIAN ORCHARD, MA	MA	76	599	675	29850	30	103	208	182	171	482	116	60	13	36	2.653383996
01151	C009	INDIAN ORCHARD, MA	MA	3	697	700	30628	31	114	229	198	183	517	131	68	23	45	2.601297595
01201	C001	PITTSFIELD, MA	MA	68	462	530	44100	41	59	108	102	121	161	108	56	20	36	1.895605537
01201	C004	PITTSFIELD, MA	MA	22	526	548	44523	43	69	117	144	214	306	190	114	51	110	2.265662078
01201	C005	PITTSFIELD, MA	MA	2	375	377	66117	46	32	66	99	130	172	133	65	18	48	2.269101517
01201	C007	PITTSFIELD, MA	MA	218	320	538	26391	43	62	111	88	110	158	101	76	43	63	1.693625935
01201	C008	PITTSFIELD, MA	MA	190	687	877	18896	45	61	125	122	140	198	134	104	48	93	1.738069364
01201	C009	PITTSFIELD, MA	MA	1	525	526	57808	42	64	138	139	168	235	147	102	34	65	2.276544027
01201	C011	PITTSFIELD, MA	MA	81	584	665	38966	32	64	130	100	103	213	72	37	8	22	2.381577396
01201	C012	PITTSFIELD, MA	MA	19	511	530	42448	39	49	115	114	130	222	114	48	35	44	2.296692144
01201	C013	PITTSFIELD, MA	MA	3	509	512	67895	52	71	120	192	309	346	307	204	112	214	2.278514781
01201	C014	PITTSFIELD, MA	MA	8	551	559	21392	34	69	128	112	159	293	94	58	29	45	2.363005337
01201	C016	PITTSFIELD, MA	MA	12	535	547	33033	42	48	92	100	140	212	126	90	48	75	2.241838671
01201	C017	PITTSFIELD, MA	MA	15	579	594	56296	45	42	101	151	182	226	158	94	23	68	2.394896618
01201	C018	PITTSFIELD, MA	MA	12	396	408	71549	47	24	73	90	121	151	115	90	13	57	2.216345618
01201	C019	PITTSFIELD, MA	MA	19	544	563	47659	35	84	150	136	136	339	106	80	29	64	2.2464106
01201	C020	PITTSFIELD, MA	MA	2	395	397	62565	43	74	164	225	314	415	218	123	38	83	2.384689157
01201	C022	PITTSFIELD, MA	MA	26	535	561	46233	37	60	125	110	123	221	107	61	17	34	2.316441755
01201	C023	PITTSFIELD, MA	MA	124	384	508	64501	45	48	112	104	153	201	144	92	25	60	2.268345974
01201	C024	PITTSFIELD, MA	MA	60	656	716	21989	35	63	145	125	130	231	98	42	13	28	2.078246589
01201	C025	PITTSFIELD, MA	MA	0	405	405	58795	45	46	110	144	174	248	145	94	40	101	2.25712307
01201	C026	PITTSFIELD, MA	MA	3	339	342	101870	49	34	60	122	207	265	175	124	42	107	2.44409167
01201	C028	PITTSFIELD, MA	MA	53	537	590	48419	36	80	131	114	126	237	101	49	11	23	2.20816805
01201	C029	PITTSFIELD, MA	MA	22	562	584	52238	41	41	100	91	119	170	98	56	18	43	2.261535206
01201	C030	PITTSFIELD, MA	MA	3	387	390	54096	50	62	117	112	145	141	128	129	52	118	2.016863065
01201	C031	PITTSFIELD, MA	MA	42	404	446	43939	42	46	138	136	165	233	132	76	31	71	2.212686363
01201	C032	PITTSFIELD, MA	MA	1	396	397	61624	43	68	146	195	271	356	193	103	29	63	2.341294646
01201	C033	PITTSFIELD, MA	MA	0	384	384	58589	45	80	132	187	269	374	189	140	36	121	2.411232807
01201	C034	PITTSFIELD, MA	MA	3	389	392	62170	46	55	131	194	225	344	204	139	62	151	2.222918706
01201	C035	PITTSFIELD, MA	MA	119	565	684	18924	48	60	122	112	148	186	141	114	60	110	1.652585611
01201	C036	PITTSFIELD, MA	MA	11	413	424	57549	43	58	138	114	171	220	132	80	28	71	2.256401043
01201	C037	PITTSFIELD, MA	MA	11	494	505	51224	47	86	162	160	213	230	190	148	58	132	2.082900603
01201	C038	PITTSFIELD, MA	MA	26	626	652	23140	34	62	118	102	124	230	80	40	10	26	2.267067418
01201	C041	PITTSFIELD, MA	MA	13	409	422	49357	45	34	90	120	125	181	134	77	28	65	2.269788966
01201	C042	PITTSFIELD, MA	MA	43	413	456	46898	46	37	72	80	131	163	113	63	32	46	2.34026978
01201	C044	PITTSFIELD, MA	MA	6	558	564	65682	47	48	91	130	187	221	177	116	25	58	2.228943674
01201	C046	PITTSFIELD, MA	MA	123	262	385	68699	47	60	123	120	168	191	163	128	38	93	2.195227625
01201	C047	PITTSFIELD, MA	MA	7	566	573	64970	49	63	117	193	279	326	271	179	88	170	2.319568335
01201	C049	PITTSFIELD, MA	MA	43	441	484	65122	48	24	67	84	124	145	103	70	36	53	2.268006258
01201	C050	PITTSFIELD, MA	MA	77	368	445	83505	48	39	79	109	172	223	160	109	30	78	2.389325535
01201	C051	PITTSFIELD, MA	MA	25	457	482	74019	51	30	60	94	176	184	180	108	34	81	2.263621332
01201	C052	PITTSFIELD, MA	MA	11	477	488	86443	50	28	56	106	162	210	164	114	32	92	2.417835876
01201	C053	PITTSFIELD, MA	MA	4	435	439	70697	48	25	58	91	128	158	120	83	14	57	2.373026037
01201	C054	PITTSFIELD, MA	MA	7	371	378	60260	48	55	90	144	235	262	214	121	48	121	2.347252913
01201	C057	PITTSFIELD, MA	MA	20	534	554	48720	45	56	124	128	181	239	164	84	52	76	2.275817331
01201	C058	PITTSFIELD, MA	MA	81	548	629	30832	38	55	135	113	146	219	109	56	21	42	2.164848174
01201	C059	PITTSFIELD, MA	MA	40	419	459	51238	38	49	93	97	113	216	89	43	13	27	2.405599423
01201	C062	PITTSFIELD, MA	MA	4	57	61	29921	36	82	136	95	111	181	75	36	22	15	1.854382042
01220	C001	ADAMS, MA	MA	46	453	499	38376	42	50	100	106	127	187	112	69	23	55	2.175326956
01220	C002	ADAMS, MA	MA	19	576	595	37188	43	57	105	113	154	222	126	84	24	55	2.248415831
01220	C003	ADAMS, MA	MA	1	412	413	46715	44	52	136	157	180	274	151	117	40	81	2.1790749
01220	C004	ADAMS, MA	MA	10	555	565	38096	44	43	106	131	166	213	127	74	29	60	2.173296131
01220	C005	ADAMS, MA	MA	61	404	465	44685	44	48	109	109	161	218	148	90	30	63	2.232096196
01220	C006	ADAMS, MA	MA	12	428	440	42069	47	33	71	75	104	141	112	70	38	57	1.979400244
01220	C007	ADAMS, MA	MA	30	476	506	44195	44	37	76	88	116	157	102	57	27	43	2.187513125
01220	H073	ADAMS, MA	MA	0	93	93	50228	47	39	85	115	152	181	159	80	27	55	2.331052319
01220	R001	ADAMS, MA	MA	8	521	529	46189	46	48	100	119	169	220	152	93	27	64	2.325175436
01222	R001	ASHLEY FALLS, MA	MA	4	240	244	71992	46	39	69	96	179	210	135	64	16	44	2.453604376
01223	H063	BECKET, MA	MA	6	373	379	63255	47	37	91	139	229	213	182	105	4	53	2.303008532
01223	R001	BECKET, MA	MA	12	526	538	66832	48	28	63	97	156	148	156	72	5	35	2.354483025
01223	R002	BECKET, MA	MA	3	192	195	66348	49	31	72	88	166	152	140	94	10	34	2.361675985
01224	R001	BERKSHIRE, MA	MA	0	93	93	65946	46	60	85	180	290	320	213	120	21	53	2.53557908
01225	R001	CHESHIRE, MA	MA	11	272	283	52799	45	49	89	165	229	258	180	103	18	47	2.43262695
01225	R002	CHESHIRE, MA	MA	5	602	607	54258	46	49	95	151	209	234	196	105	21	62	2.290752557
01225	R003	CHESHIRE, MA	MA	1	314	315	53015	47	50	98	164	229	248	219	118	23	65	2.289349759
01226	C001	DALTON, MA	MA	2	218	220	44053	47	41	75	94	131	207	113	78	72	91	2.329729204
01226	C002	DALTON, MA	MA	27	433	460	46571	43	50	105	127	159	246	143	85	31	62	2.342735125
01226	C003	DALTON, MA	MA	17	382	399	54273	44	57	101	146	207	291	181	91	31	70	2.468076629
01226	C004	DALTON, MA	MA	9	456	465	67466	46	40	80	115	213	262	179	91	18	61	2.585877589
01226	C005	DALTON, MA	MA	10	403	413	54061	44	55	106	150	197	300	178	98	35	70	2.436678957
01226	C006	DALTON, MA	MA	6	398	404	44796	41	41	86	107	125	211	106	58	30	54	2.341911456
01226	C007	DALTON, MA	MA	41	347	388	55807	46	46	89	115	190	249	161	90	35	72	2.450314955
01226	R001	DALTON, MA	MA	4	71	75	77141	47	45	87	136	268	319	225	113	21	74	2.639563326
01226	R003	DALTON, MA	MA	0	93	93	53598	44	69	99	168	232	323	199	80	30	71	2.544831899
01230	C002	GREAT BARRINGTON, MA	MA	18	415	433	57108	47	57	98	108	168	285	195	103	48	80	2.123023113
01230	C003	GREAT BARRINGTON, MA	MA	70	460	530	64919	45	71	110	121	195	346	223	118	46	77	2.246321292
01230	C004	GREAT BARRINGTON, MA	MA	166	371	537	54927	48	57	90	107	164	273	199	104	49	79	2.082055641
01230	C005	GREAT BARRINGTON, MA	MA	180	350	530	54203	47	50	89	100	166	186	169	98	23	56	2.155888578
01230	H062	GREAT BARRINGTON, MA	MA	5	93	98	57642	48	51	91	113	162	231	205	118	22	67	2.195936994
01230	H065	GREAT BARRINGTON, MA	MA	50	250	300	67233	51	33	51	90	141	175	170	114	21	61	2.253402819
01230	R001	GREAT BARRINGTON, MA	MA	9	244	253	63153	46	81	117	135	218	431	269	143	63	99	2.373143631
01230	R002	GREAT BARRINGTON, MA	MA	80	508	588	64995	48	48	81	111	173	237	176	107	26	60	2.284815199
01230	R003	GREAT BARRINGTON, MA	MA	2	412	414	57910	52	64	83	124	251	261	293	207	36	114	2.19177682
01230	R004	GREAT BARRINGTON, MA	MA	8	516	524	77747	50	72	88	111	195	393	269	163	63	98	2.300800402
01235	R001	HINSDALE, MA	MA	18	472	490	65355	47	59	94	149	243	248	214	140	19	62	2.370886475
01235	R002	HINSDALE, MA	MA	25	418	443	68770	46	48	86	149	246	233	219	101	16	37	2.423318043
01236	R001	HOUSATONIC, MA	MA	4	267	271	68418	50	33	61	85	135	189	176	86	27	51	2.245782149
01237	H064	LANESBOROUGH, MA	MA	14	340	354	70838	47	32	56	104	164	183	127	73	14	31	2.45212557
01237	R001	LANESBOROUGH, MA	MA	55	130	185	68025	46	57	82	171	276	306	200	114	21	51	2.531149786
01238	C001	LEE, MA	MA	20	453	473	55776	44	80	111	127	149	208	156	106	44	74	2.142250402
01238	C002	LEE, MA	MA	122	490	612	45992	43	75	117	125	147	223	152	104	29	67	2.2319068
01238	H063	LEE, MA	MA	5	107	112	64088	44	36	83	112	162	186	134	74	14	43	2.408860249
01238	R001	LEE, MA	MA	42	705	747	70859	46	52	110	144	183	223	160	115	47	78	2.286587978
01238	R002	LEE, MA	MA	12	718	730	73483	47	48	87	153	210	225	199	111	32	63	2.318142675
01238	R003	LEE, MA	MA	70	217	287	69061	50	19	42	49	80	84	90	51	7	25	2.315039798
01240	C001	LENOX, MA	MA	116	369	485	58668	57	16	42	59	87	106	95	74	93	77	1.981215156
01240	C003	LENOX, MA	MA	85	603	688	42102	50	18	51	83	119	172	118	81	62	71	2.320580819
01240	C062	LENOX, MA	MA	9	418	427	60275	54	30	76	91	135	162	147	88	118	115	1.945194818
01240	R001	LENOX, MA	MA	10	548	558	47204	49	21	44	68	114	160	113	72	39	48	2.36372259
01240	R002	LENOX, MA	MA	12	774	786	52410	50	21	44	61	97	146	100	78	41	50	2.191997032
01245	H062	MONTEREY, MA	MA	0	83	83	48754	51	33	77	108	132	178	215	129	14	73	2.170157231
01247	C002	NORTH ADAMS, MA	MA	29	425	454	35386	39	70	112	104	126	226	94	62	27	51	2.192581773
01247	C003	NORTH ADAMS, MA	MA	31	619	650	24357	37	214	98	88	111	277	95	68	29	51	1.946659336
01247	C004	NORTH ADAMS, MA	MA	119	341	460	21120	39	186	170	157	192	431	161	110	47	98	1.941304836
01247	C005	NORTH ADAMS, MA	MA	7	479	486	33012	37	211	203	206	264	519	213	134	48	111	2.144871113
01247	C006	NORTH ADAMS, MA	MA	47	586	633	42710	47	42	90	90	125	171	118	84	39	72	2.148579868
01247	C007	NORTH ADAMS, MA	MA	6	385	391	43304	44	55	131	119	158	246	140	89	43	69	2.241899668
01247	C008	NORTH ADAMS, MA	MA	63	446	509	35689	40	76	161	145	189	296	146	69	27	57	2.198201981
01247	C009	NORTH ADAMS, MA	MA	3	437	440	41544	42	69	131	132	174	231	132	71	33	59	2.201683126
01247	C011	NORTH ADAMS, MA	MA	56	512	568	36692	41	90	237	231	272	497	248	156	54	120	2.335324912
01247	C012	NORTH ADAMS, MA	MA	23	344	367	42407	43	68	140	157	203	275	146	101	29	74	2.223614721
01247	C014	NORTH ADAMS, MA	MA	15	402	417	36148	41	92	249	241	283	524	263	165	57	127	2.343048196
01247	C015	NORTH ADAMS, MA	MA	29	623	652	54068	44	76	119	149	209	289	168	102	23	81	2.384212874
01247	R001	NORTH ADAMS, MA	MA	41	665	706	48740	43	51	86	112	149	212	124	77	16	57	2.365286467
01247	R002	NORTH ADAMS, MA	MA	22	656	678	45275	43	75	110	145	190	289	157	105	24	66	2.330220006
01253	H061	OTIS, MA	MA	3	16	19	68462	48	29	78	99	137	124	137	105	9	27	2.27
01254	R001	RICHMOND, MA	MA	5	408	413	76192	52	18	40	70	141	131	153	103	13	48	2.238590411
01255	H066	SANDISFIELD, MA	MA	14	242	256	56255	50	24	62	121	172	166	183	114	17	47	2.280049203
01256	H073	SAVOY, MA	MA	6	302	308	57332	46	21	51	105	123	155	144	57	9	27	2.320953655
01257	R001	SHEFFIELD, MA	MA	7	300	307	45333	49	28	62	87	137	157	125	86	23	50	2.234457366
01257	R002	SHEFFIELD, MA	MA	21	314	335	52219	48	37	85	120	188	204	165	110	23	63	2.280288889
01258	R003	SOUTH EGREMONT, MA	MA	3	98	101	55909	53	61	79	123	254	227	291	212	29	114	2.170019103
01259	H068	SOUTHFIELD, MA	MA	13	142	155	62104	47	34	61	109	162	200	154	98	16	45	2.363705261
01266	R001	WEST STOCKBRIDGE, MA	MA	1	425	426	77441	54	21	36	61	105	113	145	90	18	45	2.165156366
01267	C001	WILLIAMSTOWN, MA	MA	20	360	380	75829	42	147	92	134	200	396	187	111	28	64	2.296320756
01267	C002	WILLIAMSTOWN, MA	MA	58	251	309	54076	55	37	52	89	114	167	169	125	66	99	2.005214518
01267	C003	WILLIAMSTOWN, MA	MA	14	487	501	64549	43	136	89	134	192	377	189	114	32	71	2.214202204
01267	C005	WILLIAMSTOWN, MA	MA	97	244	341	81231	30	484	55	66	57	358	76	57	40	40	2.135217046
01267	C006	WILLIAMSTOWN, MA	MA	16	387	403	84564	53	49	48	69	99	162	134	118	41	74	2.169146166
01267	C008	WILLIAMSTOWN, MA	MA	46	344	390	66919	35	356	54	83	78	428	110	82	43	63	2.047878081
01267	H064	WILLIAMSTOWN, MA	MA	12	265	277	89790	51	48	55	86	123	170	144	88	69	73	2.30931128
01267	R001	WILLIAMSTOWN, MA	MA	21	453	474	95084	55	61	73	85	130	177	173	115	112	100	2.200836127
01267	R002	WILLIAMSTOWN, MA	MA	0	172	172	70871	47	43	110	162	264	335	235	125	29	71	2.377458689
01270	R003	WINDSOR, MA	MA	10	288	298	71711	48	32	52	122	176	191	210	70	17	28	2.440065292
01301	C002	GREENFIELD, MA	MA	116	544	660	32883	42	72	144	137	165	158	134	70	32	40	1.738441518
01301	C003	GREENFIELD, MA	MA	60	543	603	39224	46	75	125	144	174	160	158	80	49	58	1.787803292
01301	C004	GREENFIELD, MA	MA	7	483	490	50658	46	49	111	107	146	168	160	68	29	51	2.155362453
01301	C005	GREENFIELD, MA	MA	18	422	440	78032	48	38	90	131	166	205	190	107	35	71	2.291579091
01301	C006	GREENFIELD, MA	MA	30	386	416	53862	41	56	159	178	194	288	160	66	29	55	2.332781019
01301	C007	GREENFIELD, MA	MA	6	512	518	47876	38	71	177	179	200	308	151	63	24	46	2.290340377
01301	C008	GREENFIELD, MA	MA	12	686	698	41736	38	81	148	138	159	240	108	64	26	43	2.032216126
01301	C009	GREENFIELD, MA	MA	25	403	428	42984	43	64	130	131	159	216	172	69	41	47	2.137700956
01301	C010	GREENFIELD, MA	MA	32	366	398	58720	47	27	79	96	114	165	127	67	38	66	2.203951981
01301	C012	GREENFIELD, MA	MA	26	409	435	60236	46	45	102	113	143	181	144	70	41	60	2.25037881
01301	C013	GREENFIELD, MA	MA	44	332	376	72271	49	39	90	113	149	179	166	97	39	74	2.250231883
01301	C014	GREENFIELD, MA	MA	203	338	541	36041	37	99	168	154	182	312	133	71	40	44	2.161229559
01301	C017	GREENFIELD, MA	MA	28	580	608	43676	42	100	162	166	172	288	154	90	123	73	2.118668922
01301	C018	GREENFIELD, MA	MA	42	352	394	52574	41	45	98	130	143	210	117	60	20	39	2.311330812
01301	C020	GREENFIELD, MA	MA	36	394	430	48960	41	54	127	125	157	197	124	59	20	29	2.155277241
01301	H079	GREENFIELD, MA	MA	5	456	461	64043	47	67	132	180	297	337	305	144	36	82	2.388919693
01301	R001	GREENFIELD, MA	MA	2	626	628	65528	44	61	115	130	169	283	213	88	30	56	2.335114667
01301	R002	GREENFIELD, MA	MA	59	449	508	61635	50	48	89	119	140	186	155	97	97	75	2.165615485
01330	H084	ASHFIELD, MA	MA	1	43	44	67239	49	36	72	111	168	184	223	79	18	46	2.280081367
01330	R001	ASHFIELD, MA	MA	1	123	124	76692	47	28	58	110	139	176	172	74	13	31	2.407069821
01330	R011	ASHFIELD, MA	MA	3	281	284	71745	48	30	62	108	149	177	194	73	15	36	2.351132677
01331	C001	ATHOL, MA	MA	47	370	417	43175	40	63	121	146	198	290	149	75	14	41	2.452021812
01331	C002	ATHOL, MA	MA	72	410	482	38387	39	103	191	198	242	396	178	111	57	91	2.415177213
01331	C003	ATHOL, MA	MA	33	451	484	41508	41	104	192	204	268	410	198	143	76	121	2.435802992
01331	C004	ATHOL, MA	MA	1	335	336	63288	42	82	162	182	264	338	182	110	36	51	2.522759756
01331	C005	ATHOL, MA	MA	8	262	270	48308	38	111	198	224	264	428	188	94	40	72	2.499062828
01331	C006	ATHOL, MA	MA	32	383	415	53362	39	134	227	293	306	531	245	118	55	83	2.481273347
01331	C007	ATHOL, MA	MA	12	399	411	55402	41	124	213	277	310	504	250	140	64	102	2.506698286
01331	C008	ATHOL, MA	MA	1	434	435	52684	41	69	125	158	182	305	148	79	41	64	2.425282429
01331	C009	ATHOL, MA	MA	40	422	462	31391	38	65	130	135	165	278	131	66	20	41	2.338554003
01331	H081	ATHOL, MA	MA	3	154	157	72501	43	82	153	233	309	396	240	126	25	69	2.622592985
01331	R001	ATHOL, MA	MA	30	493	523	76822	43	80	159	256	361	430	232	104	14	54	2.649293042
01331	R002	ATHOL, MA	MA	1	437	438	57635	43	91	173	196	270	370	199	134	56	84	2.501992431
01331	R003	ATHOL, MA	MA	8	667	675	65344	44	90	164	227	293	402	242	148	47	94	2.582002824
01331	R006	ATHOL, MA	MA	7	393	400	71320	42	90	173	262	354	451	236	114	28	68	2.611450854
01337	R001	BERNARDSTON, MA	MA	21	560	581	62982	48	72	135	193	345	355	334	164	37	91	2.410833427
01337	R002	BERNARDSTON, MA	MA	13	418	431	61403	47	59	98	126	232	221	191	85	17	61	2.418075256
01338	H084	BUCKLAND, MA	MA	1	37	38	85456	47	37	82	139	165	197	175	99	17	51	2.419410397
01339	H086	CHARLEMONT, MA	MA	2	130	132	53144	48	62	84	123	189	208	184	118	22	53	2.317891943
01339	R001	CHARLEMONT, MA	MA	5	323	328	57381	48	61	76	125	176	199	172	118	20	53	2.313180217
01340	R001	COLRAIN, MA	MA	7	476	483	48184	47	63	112	121	241	257	206	109	18	63	2.440145042
01340	R002	COLRAIN, MA	MA	3	200	203	51437	47	56	108	128	224	247	220	114	25	57	2.379426608
01341	R001	CONWAY, MA	MA	3	484	487	79285	46	79	122	250	365	448	384	162	17	66	2.459956543
01342	R021	DEERFIELD, MA	MA	22	369	391	96430	45	53	114	171	244	326	251	105	20	54	2.445740588
01343	H086	DRURY, MA	MA	2	67	69	52314	45	35	57	105	152	178	102	74	9	38	2.44004057
01344	C006	ERVING, MA	MA	12	329	341	57924	42	62	210	219	241	377	267	127	36	61	2.390184535
01344	R001	ERVING, MA	MA	12	325	337	57582	43	56	167	183	227	325	239	114	29	54	2.400196439
01346	H085	HEATH, MA	MA	0	42	42	51949	48	55	107	129	221	245	222	115	25	56	2.370326429
01349	C005	MILLERS FALLS, MA	MA	1	124	125	52626	43	65	119	165	201	219	167	85	17	54	2.351824886
01349	C006	MILLERS FALLS, MA	MA	14	237	251	57692	41	45	99	95	134	155	105	39	14	23	2.359810191
01350	H087	MONROE BRIDGE, MA	MA	6	28	34	45069	46	64	90	153	195	279	203	135	25	67	2.27
01351	R011	MONTAGUE, MA	MA	14	602	616	63846	46	59	144	179	262	271	227	107	26	57	2.326379026
01351	R012	MONTAGUE, MA	MA	8	276	284	68371	45	52	144	163	256	265	221	98	28	49	2.330138838
01354	R001	GILL, MA	MA	21	422	443	75763	47	78	126	169	302	321	291	122	25	58	2.349996576
01354	R003	GILL, MA	MA	13	169	182	75689	47	78	126	169	302	321	291	122	26	58	2.348563992
01355	H088	NEW SALEM, MA	MA	9	187	196	78599	46	38	69	131	228	229	183	77	8	31	2.450254148
01355	R001	NEW SALEM, MA	MA	6	183	189	78361	46	38	69	130	226	227	181	76	7	30	2.447803881
01360	C001	NORTHFIELD, MA	MA	41	403	444	59209	45	58	106	194	252	339	248	104	29	74	2.386845313
01360	R001	NORTHFIELD, MA	MA	10	435	445	69966	44	74	119	223	284	414	270	120	35	83	2.503870689
01360	R002	NORTHFIELD, MA	MA	9	443	452	66125	45	68	114	213	272	387	262	114	33	80	2.461578998
01364	C011	ORANGE, MA	MA	37	601	638	41752	48	57	114	149	238	281	224	158	38	105	2.158871755
01364	C012	ORANGE, MA	MA	61	371	432	33162	35	79	127	149	148	319	131	44	9	27	2.741064302
01364	C013	ORANGE, MA	MA	12	317	329	48788	42	60	159	179	256	356	174	106	32	62	2.518854376
01364	C014	ORANGE, MA	MA	26	392	418	50727	38	58	122	141	164	281	123	63	20	38	2.629711983
01364	C015	ORANGE, MA	MA	30	371	401	44972	38	74	140	166	184	347	162	77	21	49	2.622735649
01364	H082	ORANGE, MA	MA	0	19	19	22237	37	59	94	95	133	197	92	38	4	25	2.600509247
01364	H088	ORANGE, MA	MA	8	80	88	42535	46	58	136	154	235	305	199	138	37	94	2.263714461
01364	R001	ORANGE, MA	MA	2	332	334	67582	44	35	81	81	142	170	117	47	8	35	2.38751643
01364	R002	ORANGE, MA	MA	8	463	471	59153	41	70	145	168	217	338	187	94	11	58	2.653426963
01364	R003	ORANGE, MA	MA	35	303	338	54322	44	68	149	172	240	340	218	136	24	90	2.452507414
01366	R011	PETERSHAM, MA	MA	6	387	393	65640	48	53	73	154	245	272	226	118	17	76	2.430532436
01367	H087	ROWE, MA	MA	4	227	231	45451	46	64	91	152	197	278	205	134	25	67	2.275563856
01368	H080	ROYALSTON, MA	MA	8	314	322	60517	46	61	99	145	274	306	222	87	12	44	2.527865851
01368	R002	ROYALSTON, MA	MA	2	166	168	60574	46	62	100	145	274	307	222	88	12	45	2.53018291
01370	C001	SHELBURNE FALLS, MA	MA	49	367	416	52339	47	48	83	101	135	158	147	76	34	60	1.986798949
01370	C002	SHELBURNE FALLS, MA	MA	41	449	490	48242	46	42	99	114	162	195	171	88	20	45	2.231984918
01370	H084	SHELBURNE FALLS, MA	MA	3	80	83	71825	47	39	88	130	164	197	173	95	18	48	2.352235144
01370	H085	SHELBURNE FALLS, MA	MA	10	191	201	60363	48	61	72	110	167	164	160	110	20	47	2.315259881
01370	R001	SHELBURNE FALLS, MA	MA	39	399	438	67511	49	47	99	112	173	219	220	116	31	55	2.397257663
01370	R002	SHELBURNE FALLS, MA	MA	2	287	289	69934	49	44	90	136	196	217	235	98	19	56	2.288987325
01373	C001	SOUTH DEERFIELD, MA	MA	78	426	504	58214	45	55	122	173	225	283	228	107	30	73	2.281668622
01373	C002	SOUTH DEERFIELD, MA	MA	11	312	323	48361	43	35	99	125	141	199	144	72	21	48	2.208811753
01373	R001	SOUTH DEERFIELD, MA	MA	42	499	541	73149	47	70	138	180	292	321	303	127	34	78	2.351609228
01373	R002	SOUTH DEERFIELD, MA	MA	36	581	617	77311	46	95	164	284	351	448	370	199	34	108	2.360758886
01373	R021	SOUTH DEERFIELD, MA	MA	22	123	145	73079	46	86	154	254	324	406	338	174	34	100	2.347764689
01375	R001	SUNDERLAND, MA	MA	3	65	68	50398	34	255	225	132	216	217	193	59	24	53	2.089915898
01375	R011	SUNDERLAND, MA	MA	10	750	760	48735	33	248	217	123	195	208	171	57	23	44	2.146684438
01375	R012	SUNDERLAND, MA	MA	31	853	884	50913	33	273	236	130	226	245	195	69	32	49	2.246939232
01376	C001	TURNERS FALLS, MA	MA	29	638	667	45847	40	74	138	134	150	239	149	71	21	63	2.248471973
01376	C002	TURNERS FALLS, MA	MA	8	455	463	50101	44	58	109	128	142	229	156	76	42	77	2.230828756
01376	C003	TURNERS FALLS, MA	MA	61	567	628	34360	37	85	176	142	151	267	133	62	16	56	2.142372256
01376	C004	TURNERS FALLS, MA	MA	24	488	512	55130	46	61	110	138	168	208	169	90	29	76	2.273345234
01376	C005	TURNERS FALLS, MA	MA	29	284	313	49814	45	62	115	142	175	205	162	93	25	78	2.233854319
01378	H082	WARWICK, MA	MA	6	296	302	56885	47	42	80	109	199	220	181	88	13	39	2.420247102
01378	R002	WARWICK, MA	MA	0	49	49	56806	47	42	80	109	198	220	180	87	12	38	2.419991145
01379	H082	WENDELL, MA	MA	1	223	224	38659	47	46	96	95	159	150	208	67	4	20	2.160248583
01380	H082	WENDELL DEPOT, MA	MA	0	22	22	38636	47	46	95	94	158	149	208	67	3	19	2.16
01420	C001	FITCHBURG, MA	MA	5	663	668	31548	32	68	133	130	133	354	90	50	25	38	2.634285645
01420	C003	FITCHBURG, MA	MA	26	530	556	81834	38	71	226	210	215	360	187	93	24	66	2.483252182
01420	C004	FITCHBURG, MA	MA	44	444	488	78922	40	243	220	293	369	577	269	157	111	127	2.562550401
01420	C007	FITCHBURG, MA	MA	132	602	734	22729	34	106	166	151	141	248	93	57	19	26	2.005543642
01420	C008	FITCHBURG, MA	MA	101	448	549	49158	35	63	124	111	100	205	87	53	17	28	2.404040023
01420	C009	FITCHBURG, MA	MA	14	395	409	50098	37	82	172	173	198	375	153	79	25	46	2.575499909
01420	C010	FITCHBURG, MA	MA	128	267	395	52190	37	72	189	135	178	273	129	76	31	46	2.424574115
01420	C011	FITCHBURG, MA	MA	5	440	445	61460	26	703	202	189	265	811	179	100	73	122	2.544820098
01420	C012	FITCHBURG, MA	MA	40	402	442	61794	36	103	259	239	240	465	228	85	24	63	2.63970662
01420	C014	FITCHBURG, MA	MA	11	539	550	44093	31	104	193	169	173	386	106	45	14	36	2.650629502
01420	C015	FITCHBURG, MA	MA	7	436	443	62939	36	95	245	237	237	448	197	85	23	57	2.697436011
01420	C016	FITCHBURG, MA	MA	6	585	591	62158	32	567	188	215	293	771	222	127	89	134	2.466370821
01420	C017	FITCHBURG, MA	MA	79	438	517	41110	34	148	146	134	168	325	136	63	22	48	2.581230707
01420	C018	FITCHBURG, MA	MA	11	337	348	46916	32	101	205	182	187	440	111	64	12	32	2.731798752
01420	C019	FITCHBURG, MA	MA	27	758	785	32284	33	138	215	197	213	427	133	87	33	55	2.474508459
01420	C021	FITCHBURG, MA	MA	3	420	423	52109	40	68	133	137	160	239	136	85	27	54	2.483414226
01420	C022	FITCHBURG, MA	MA	39	451	490	37774	39	60	110	98	115	237	88	61	29	52	2.319407515
01420	C023	FITCHBURG, MA	MA	5	451	456	61749	40	65	164	164	185	291	153	90	26	64	2.495571285
01420	C024	FITCHBURG, MA	MA	1	407	408	53934	35	110	217	199	221	445	172	85	25	51	2.604078799
01420	C025	FITCHBURG, MA	MA	48	391	439	47945	31	162	151	119	153	310	108	50	19	38	2.587841246
01420	C026	FITCHBURG, MA	MA	1	351	352	89706	44	79	214	265	283	369	259	192	34	130	2.355988624
01420	C027	FITCHBURG, MA	MA	37	809	846	31676	35	83	152	134	152	304	98	63	26	40	2.286339904
01420	C029	FITCHBURG, MA	MA	41	542	583	40493	34	89	161	151	158	361	120	72	23	51	2.546408484
01420	C030	FITCHBURG, MA	MA	63	357	420	41868	44	40	104	94	127	185	100	72	22	54	2.318565748
01420	C031	FITCHBURG, MA	MA	42	325	367	56597	37	84	188	178	206	357	160	91	24	59	2.555621896
01420	C032	FITCHBURG, MA	MA	21	361	382	51179	37	61	163	119	158	243	113	70	29	45	2.434369396
01420	C034	FITCHBURG, MA	MA	20	641	661	61813	37	96	227	240	254	439	168	98	38	64	2.674899831
01420	C035	FITCHBURG, MA	MA	21	524	545	27586	31	166	117	104	113	272	86	48	15	30	2.469245692
01420	C037	FITCHBURG, MA	MA	16	514	530	46919	35	77	165	149	167	339	123	64	22	50	2.596332558
01420	C038	FITCHBURG, MA	MA	6	418	424	45091	35	98	206	192	214	410	161	79	23	39	2.560230467
01420	C039	FITCHBURG, MA	MA	70	464	534	46671	37	131	241	248	300	502	193	125	72	98	2.451276426
01420	C040	FITCHBURG, MA	MA	4	489	493	47446	31	194	203	166	183	319	109	49	14	26	2.649810925
01420	R001	FITCHBURG, MA	MA	4	670	674	89684	45	94	202	294	363	454	285	175	81	123	2.548197418
01420	R002	FITCHBURG, MA	MA	2	175	177	83088	43	101	220	305	363	483	266	152	99	110	2.644505841
01430	R001	ASHBURNHAM, MA	MA	1	643	644	80532	41	79	118	225	314	411	220	83	12	29	2.758415975
01430	R002	ASHBURNHAM, MA	MA	24	277	301	97912	40	43	98	162	205	349	170	71	13	40	2.750709084
01430	R003	ASHBURNHAM, MA	MA	9	575	584	79561	40	79	137	221	302	415	218	82	15	29	2.750077806
01430	R004	ASHBURNHAM, MA	MA	2	606	608	94876	42	49	89	175	231	338	179	72	10	37	2.749506736
01431	R001	ASHBY, MA	MA	23	475	498	82512	43	69	145	219	328	417	260	103	16	50	2.744128389
01431	R002	ASHBY, MA	MA	9	496	505	84436	42	72	114	219	313	402	194	84	11	58	2.821825224
01431	R004	ASHBY, MA	MA	3	90	93	82810	43	69	140	220	326	415	250	100	15	51	2.756596198
01432	C001	AYER, MA	MA	2	465	467	60860	40	45	82	106	127	174	66	30	30	41	2.157134626
01432	C002	AYER, MA	MA	78	552	630	81190	37	95	136	172	225	330	135	77	13	52	2.371534392
01432	C003	AYER, MA	MA	39	433	472	88986	41	55	147	201	240	324	150	88	18	61	2.386770058
01432	C004	AYER, MA	MA	59	438	497	109298	39	48	198	265	260	412	159	88	5	37	2.548185957
01432	C005	AYER, MA	MA	69	525	594	45929	40	62	133	127	171	204	109	61	16	49	2.112285074
01432	C006	AYER, MA	MA	18	705	723	83320	37	76	212	219	228	355	145	88	4	40	2.384645346
01432	C008	AYER, MA	MA	55	507	562	55070	34	94	100	111	146	240	69	31	29	31	2.194865616
01434	C007	DEVENS, MA	MA	157	170	327	96030	31	219	481	230	250	153	61	32	6	7	2.65197187
01436	C001	BALDWINVILLE, MA	MA	18	502	520	73111	42	54	104	178	177	307	148	90	43	79	2.528569526
01436	C002	BALDWINVILLE, MA	MA	16	605	621	72558	42	97	184	266	323	483	274	162	36	94	2.680194286
01440	C002	GARDNER, MA	MA	98	541	639	55597	44	98	179	199	252	366	226	129	88	134	2.29284121
01440	C003	GARDNER, MA	MA	28	674	702	32770	38	102	209	205	248	473	192	111	56	97	2.338175229
01440	C004	GARDNER, MA	MA	17	764	781	48368	40	95	192	223	256	359	183	107	28	75	2.279758925
01440	C006	GARDNER, MA	MA	42	466	508	47257	41	105	227	236	328	455	245	121	33	84	2.232424349
01440	C007	GARDNER, MA	MA	13	421	434	64554	46	117	182	221	298	421	267	133	140	176	2.483648457
01440	C008	GARDNER, MA	MA	61	515	576	42429	39	103	192	194	227	442	195	111	39	91	2.344901537
01440	C009	GARDNER, MA	MA	16	388	404	57659	42	56	106	135	158	257	125	69	32	59	2.421312213
01440	C010	GARDNER, MA	MA	38	396	434	36281	38	86	148	148	165	261	110	53	34	65	2.055478839
01440	C011	GARDNER, MA	MA	24	850	874	34813	43	78	189	188	241	366	183	121	72	111	2.190221442
01440	C012	GARDNER, MA	MA	71	446	517	56813	40	113	218	304	349	477	230	128	31	83	2.393661861
01440	C013	GARDNER, MA	MA	21	505	526	52275	41	84	173	230	283	384	192	106	24	71	2.443991076
01440	C014	GARDNER, MA	MA	31	834	865	30944	40	119	262	226	250	409	205	130	64	109	2.124467474
01440	R001	GARDNER, MA	MA	15	666	681	55933	41	119	391	407	442	295	288	81	22	57	2.379152899
01440	R002	GARDNER, MA	MA	15	698	713	53930	38	125	235	318	369	598	254	132	34	83	2.574135436
01440	R003	GARDNER, MA	MA	21	590	611	51719	41	108	239	267	357	459	258	119	29	77	2.301747416
01450	R001	GROTON, MA	MA	10	491	501	98519	43	87	169	332	556	689	301	121	24	49	2.748391388
01450	R002	GROTON, MA	MA	1	427	428	131784	43	74	110	267	416	599	290	104	18	47	2.899916316
01450	R003	GROTON, MA	MA	2	538	540	111310	42	93	174	402	625	932	367	149	81	108	2.78027382
01450	R004	GROTON, MA	MA	4	498	502	116108	42	105	180	358	520	747	335	151	28	66	2.752258329
01450	R005	GROTON, MA	MA	8	392	400	116154	43	50	85	218	357	509	223	92	31	48	2.767607481
01450	R006	GROTON, MA	MA	4	569	573	97744	42	98	190	366	608	754	330	130	25	54	2.761537247
01450	R007	GROTON, MA	MA	28	433	461	119030	42	96	164	347	512	751	331	142	37	72	2.780674256
01450	R008	GROTON, MA	MA	68	453	521	114012	42	85	154	356	551	815	332	137	63	89	2.78067296
01451	R001	HARVARD, MA	MA	77	447	524	110874	45	37	45	137	230	333	195	88	17	27	2.775082957
01451	R002	HARVARD, MA	MA	7	454	461	135475	47	30	36	109	253	329	222	102	7	27	2.78667494
01451	R003	HARVARD, MA	MA	5	467	472	158916	47	26	35	86	214	269	171	77	12	32	2.760700452
01451	R004	HARVARD, MA	MA	13	449	462	132689	47	26	31	107	207	283	183	90	11	22	2.72105237
01452	R001	HUBBARDSTON, MA	MA	20	535	555	77095	41	82	134	236	332	447	234	84	18	56	2.734059013
01452	R002	HUBBARDSTON, MA	MA	17	498	515	88472	42	147	188	385	555	743	375	157	19	65	2.81673996
01452	R003	HUBBARDSTON, MA	MA	9	528	537	88473	42	147	188	384	554	742	375	157	19	65	2.8165914
01453	C002	LEOMINSTER, MA	MA	15	562	577	104356	45	79	128	228	365	453	258	129	29	84	2.778136409
01453	C003	LEOMINSTER, MA	MA	18	867	885	73423	42	107	230	295	363	517	265	140	52	125	2.477348475
01453	C004	LEOMINSTER, MA	MA	7	405	412	63726	43	68	130	169	211	304	174	115	42	68	2.531715519
01453	C005	LEOMINSTER, MA	MA	174	304	478	59409	39	80	193	238	266	425	194	108	28	59	2.378224531
01453	C007	LEOMINSTER, MA	MA	10	754	764	28287	35	166	341	334	333	714	254	166	62	105	2.400262842
01453	C008	LEOMINSTER, MA	MA	114	870	984	37967	35	139	290	301	287	588	203	115	35	68	2.364265907
01453	C009	LEOMINSTER, MA	MA	0	410	410	63376	48	38	106	99	177	208	145	94	48	98	2.277347976
01453	C011	LEOMINSTER, MA	MA	116	467	583	40728	35	113	227	217	221	439	161	89	28	52	2.397292485
01453	C012	LEOMINSTER, MA	MA	35	761	796	46705	35	83	193	144	177	366	122	57	27	45	2.336256305
01453	C013	LEOMINSTER, MA	MA	104	623	727	70694	38	152	460	464	464	643	322	168	30	91	2.350272711
01453	C014	LEOMINSTER, MA	MA	104	381	485	66219	45	49	124	120	173	220	148	84	50	77	2.213559267
01453	C015	LEOMINSTER, MA	MA	0	455	455	79202	44	94	164	261	340	440	267	167	31	82	2.749335308
01453	C016	LEOMINSTER, MA	MA	32	441	473	61125	44	50	159	169	198	252	169	126	25	81	2.320098727
01453	C018	LEOMINSTER, MA	MA	128	463	591	57645	34	70	137	111	107	210	72	45	22	29	2.430262195
01453	C019	LEOMINSTER, MA	MA	56	532	588	49748	40	50	119	112	142	199	126	47	17	40	2.269509873
01453	C020	LEOMINSTER, MA	MA	5	534	539	64518	42	103	187	261	325	450	257	149	32	80	2.618156513
01453	C021	LEOMINSTER, MA	MA	59	576	635	58983	40	62	144	139	189	265	129	76	30	55	2.242875888
01453	C022	LEOMINSTER, MA	MA	38	563	601	42333	44	69	159	146	190	251	158	98	64	86	2.164855044
01453	C023	LEOMINSTER, MA	MA	53	560	613	47618	36	115	244	235	269	454	188	105	34	67	2.424054227
01453	C024	LEOMINSTER, MA	MA	3	462	465	60442	43	54	133	140	182	245	144	93	36	70	2.197863513
01453	C025	LEOMINSTER, MA	MA	37	339	376	78600	40	88	186	268	325	475	226	121	29	81	2.620938304
01453	C026	LEOMINSTER, MA	MA	95	527	622	50474	40	108	215	238	290	452	222	134	41	82	2.402911542
01453	C027	LEOMINSTER, MA	MA	13	483	496	83315	41	115	264	346	471	684	337	158	30	118	2.77
01453	C028	LEOMINSTER, MA	MA	5	458	463	61050	45	90	212	258	256	361	199	166	105	191	2.057899226
01453	C029	LEOMINSTER, MA	MA	9	540	549	79231	41	106	228	310	395	565	283	138	37	105	2.617789352
01453	C030	LEOMINSTER, MA	MA	36	598	634	42701	36	161	367	374	366	689	262	153	44	91	2.415351765
01453	R001	LEOMINSTER, MA	MA	41	537	578	100023	43	85	146	253	357	472	256	132	26	74	2.783451401
01453	R002	LEOMINSTER, MA	MA	59	629	688	61131	42	138	322	349	443	644	328	202	90	151	2.388530332
01453	R003	LEOMINSTER, MA	MA	25	941	966	44061	39	155	325	336	408	670	305	186	69	131	2.344849343
01453	R004	LEOMINSTER, MA	MA	44	776	820	67513	39	149	425	433	465	649	328	182	52	114	2.352690879
01453	R005	LEOMINSTER, MA	MA	2	719	721	88229	40	84	167	266	286	457	212	98	26	52	2.680299297
01460	R001	LITTLETON, MA	MA	111	532	643	118150	43	78	134	354	474	685	310	159	40	102	2.764626199
01460	R002	LITTLETON, MA	MA	13	663	676	129221	43	45	92	288	395	584	203	117	85	93	2.9354921
01460	R003	LITTLETON, MA	MA	3	730	733	89058	43	50	124	236	272	382	196	116	29	65	2.483093622
01460	R004	LITTLETON, MA	MA	118	529	647	129497	44	43	89	189	263	358	188	96	17	47	2.709445321
01460	R006	LITTLETON, MA	MA	31	658	689	96574	42	48	105	248	298	438	176	102	39	67	2.640704002
01460	R008	LITTLETON, MA	MA	10	567	577	115777	43	83	140	361	481	694	325	165	33	103	2.730703983
01462	C001	LUNENBURG, MA	MA	78	550	628	53392	44	81	166	215	272	390	252	158	38	101	2.481455009
01462	C002	LUNENBURG, MA	MA	17	540	557	70548	45	73	148	222	321	424	273	167	28	90	2.595390296
01462	C003	LUNENBURG, MA	MA	30	581	611	70307	45	69	140	228	334	429	274	147	27	73	2.609571577
01462	C004	LUNENBURG, MA	MA	37	879	916	45258	44	87	180	222	267	395	254	157	44	108	2.43705008
01462	R001	LUNENBURG, MA	MA	4	645	649	92912	43	75	122	257	362	463	263	101	16	42	2.750745543
01462	R002	LUNENBURG, MA	MA	15	624	639	81661	44	90	184	309	462	616	381	158	27	77	2.773870054
01462	R003	LUNENBURG, MA	MA	2	632	634	87721	44	71	136	234	308	423	260	127	23	67	2.685939058
01463	R001	PEPPERELL, MA	MA	7	558	565	85229	40	92	125	281	362	542	239	83	11	40	2.968535591
01463	R002	PEPPERELL, MA	MA	5	550	555	105612	44	66	88	180	266	358	244	81	14	34	2.750333796
01463	R003	PEPPERELL, MA	MA	3	659	662	76889	41	90	153	197	268	380	219	77	9	35	2.73124757
01463	R005	PEPPERELL, MA	MA	10	581	591	85078	44	61	104	185	322	415	231	100	25	58	2.725581243
01463	R006	PEPPERELL, MA	MA	0	583	583	76494	41	88	128	248	355	500	270	85	11	41	2.841128004
01463	R007	PEPPERELL, MA	MA	59	686	745	58030	41	89	128	171	253	370	156	75	17	52	2.50517937
01463	R008	PEPPERELL, MA	MA	69	602	671	92443	39	95	128	274	335	518	195	79	13	37	2.957988599
01464	R001	SHIRLEY, MA	MA	17	589	606	75271	42	114	238	381	445	598	368	153	28	90	2.578161168
01464	R002	SHIRLEY, MA	MA	87	675	762	65550	38	201	620	567	507	496	332	122	39	93	2.410060655
01464	R003	SHIRLEY, MA	MA	2	534	536	67411	42	59	111	206	305	407	210	83	13	34	2.778923347
01464	R004	SHIRLEY, MA	MA	11	288	299	74086	41	145	367	466	491	603	388	157	34	101	2.513440021
01468	R001	TEMPLETON, MA	MA	8	643	651	75187	41	82	172	261	338	485	232	128	20	57	2.784410037
01468	R002	TEMPLETON, MA	MA	12	582	594	67746	41	103	205	307	409	579	294	154	22	69	2.760481659
01468	R004	TEMPLETON, MA	MA	6	241	247	77149	42	96	189	267	335	488	271	164	27	82	2.775205973
01469	R001	TOWNSEND, MA	MA	7	553	560	91787	41	79	130	169	290	372	182	72	9	32	2.75061922
01469	R002	TOWNSEND, MA	MA	0	612	612	104112	41	111	188	279	379	574	384	115	16	36	2.929838231
01469	R003	TOWNSEND, MA	MA	67	639	706	83976	41	80	146	211	294	425	236	89	17	39	2.712601333
01469	R005	TOWNSEND, MA	MA	3	604	607	80999	41	83	161	250	345	490	262	101	20	43	2.785614509
01469	R006	TOWNSEND, MA	MA	9	189	198	76558	41	76	145	220	298	426	222	92	18	42	2.705879628
01473	R001	WESTMINSTER, MA	MA	10	597	607	92967	41	93	172	304	395	547	277	104	25	53	2.753831596
01473	R002	WESTMINSTER, MA	MA	4	684	688	105754	44	48	85	149	195	264	181	72	17	41	2.673505445
01473	R003	WESTMINSTER, MA	MA	35	338	373	80936	43	78	140	215	297	421	270	108	23	64	2.637237716
01473	R004	WESTMINSTER, MA	MA	2	635	637	89906	43	74	131	223	301	429	256	93	21	57	2.702444416
01473	R005	WESTMINSTER, MA	MA	43	578	621	89948	44	66	127	207	262	352	232	101	23	49	2.620101374
01474	R001	WEST TOWNSEND, MA	MA	2	120	122	93021	45	94	104	181	350	381	237	120	7	47	2.68
01474	R004	WEST TOWNSEND, MA	MA	12	624	636	83620	43	84	109	183	289	360	196	94	9	44	2.747902773
01475	C001	WINCHENDON, MA	MA	12	531	543	42165	40	90	164	184	260	417	181	132	31	99	2.45979416
01475	C002	WINCHENDON, MA	MA	22	381	403	45263	40	73	129	151	206	302	129	80	17	55	2.510480041
01475	C003	WINCHENDON, MA	MA	11	559	570	63930	39	103	184	302	348	535	202	111	13	57	2.719843986
01475	C004	WINCHENDON, MA	MA	64	399	463	53827	36	74	137	176	205	363	134	65	11	32	2.616131152
01475	R001	WINCHENDON, MA	MA	19	736	755	63712	41	118	205	330	390	637	282	160	32	96	2.639646733
01475	R002	WINCHENDON, MA	MA	3	598	601	90809	37	141	246	457	458	859	320	137	19	45	2.91121656
01475	R003	WINCHENDON, MA	MA	5	618	623	60541	39	106	194	299	359	551	223	132	20	78	2.653713644
01501	C001	AUBURN, MA	MA	37	365	402	74348	40	52	135	170	174	277	120	68	18	62	2.587137994
01501	C002	AUBURN, MA	MA	7	353	360	78401	43	48	107	125	152	216	117	70	30	45	2.484738848
01501	C003	AUBURN, MA	MA	17	353	370	94019	46	32	76	113	137	187	118	91	29	49	2.451294318
01501	C004	AUBURN, MA	MA	6	343	349	71794	41	35	89	130	126	205	101	52	20	49	2.606787533
01501	C005	AUBURN, MA	MA	76	253	329	94507	42	36	117	109	133	194	98	66	22	47	2.508384175
01501	C006	AUBURN, MA	MA	3	427	430	71681	42	56	130	176	194	280	156	82	24	56	2.562174789
01501	C007	AUBURN, MA	MA	3	433	436	91978	41	66	145	203	216	309	147	95	22	62	2.536111742
01501	C008	AUBURN, MA	MA	15	359	374	71414	41	41	108	136	130	212	99	64	25	47	2.473554129
01501	C009	AUBURN, MA	MA	172	208	380	78388	44	49	118	154	189	264	147	96	30	66	2.508216562
01501	C010	AUBURN, MA	MA	33	535	568	57295	49	49	87	129	172	223	188	122	41	92	2.245094941
01501	C011	AUBURN, MA	MA	14	486	500	63152	47	60	107	156	218	292	191	120	36	101	2.317961905
01501	C013	AUBURN, MA	MA	2	442	444	64538	50	42	82	119	162	203	159	114	54	89	2.263338554
01501	C014	AUBURN, MA	MA	2	387	389	68049	42	48	106	151	169	255	140	80	28	71	2.526734528
01501	C015	AUBURN, MA	MA	17	413	430	62347	40	66	164	206	207	341	161	93	39	60	2.48603332
01501	C016	AUBURN, MA	MA	97	315	412	83874	44	36	84	122	131	200	108	62	55	61	2.595904978
01501	R001	AUBURN, MA	MA	64	572	636	69963	46	42	86	130	149	210	150	93	27	68	2.386750908
01501	R002	AUBURN, MA	MA	89	513	602	79746	45	36	86	120	138	201	118	70	48	61	2.538446171
01503	R001	BERLIN, MA	MA	19	468	487	88037	46	54	127	194	296	346	219	157	27	92	2.560923579
01503	R002	BERLIN, MA	MA	29	637	666	95148	46	70	171	276	390	469	298	221	37	130	2.523915721
01504	C001	BLACKSTONE, MA	MA	11	498	509	63940	41	64	140	186	201	281	175	90	29	47	2.466911781
01504	C002	BLACKSTONE, MA	MA	31	595	626	71499	36	131	281	281	349	539	195	81	37	50	2.525315225
01504	C003	BLACKSTONE, MA	MA	12	412	424	37697	41	55	156	140	189	267	153	79	26	60	2.364721792
01504	C006	BLACKSTONE, MA	MA	45	413	458	76203	38	129	252	320	395	579	234	109	34	64	2.631673543
01504	R001	BLACKSTONE, MA	MA	10	533	543	87013	41	143	252	437	546	747	324	175	38	88	2.815689961
01504	R002	BLACKSTONE, MA	MA	3	490	493	79806	40	115	200	305	362	527	239	107	23	76	2.833188285
01504	R003	BLACKSTONE, MA	MA	4	617	621	87443	41	145	256	447	559	763	330	180	40	89	2.812073641
01505	R001	BOYLSTON, MA	MA	4	559	563	122908	44	57	144	264	366	485	284	133	28	62	2.581525908
01505	R003	BOYLSTON, MA	MA	38	635	673	95229	45	33	74	117	159	197	129	63	18	47	2.502206856
01505	R004	BOYLSTON, MA	MA	8	595	603	141149	44	49	111	218	303	407	244	109	18	50	2.661639137
01506	R001	BROOKFIELD, MA	MA	4	585	589	59906	46	54	109	181	225	305	181	127	16	63	2.470796472
01506	R002	BROOKFIELD, MA	MA	13	681	694	61379	42	53	120	175	199	300	161	95	14	44	2.580038121
01507	R001	CHARLTON, MA	MA	5	593	598	87439	41	154	273	524	664	987	446	176	22	90	3.008516403
01507	R002	CHARLTON, MA	MA	60	569	629	67421	44	122	268	291	358	509	220	156	190	203	2.348753146
01507	R003	CHARLTON, MA	MA	39	568	607	89302	41	143	237	529	656	928	378	159	25	74	2.960630764
01507	R004	CHARLTON, MA	MA	14	520	534	107670	42	117	206	337	387	574	288	127	63	101	2.799882067
01507	R006	CHARLTON, MA	MA	3	603	606	95252	40	109	217	410	506	677	259	130	22	50	2.834818994
01507	R007	CHARLTON, MA	MA	10	581	591	108801	41	131	220	427	512	763	369	141	16	71	2.991928767
01507	R008	CHARLTON, MA	MA	13	580	593	90705	41	134	209	530	645	875	319	146	29	62	2.914245646
01507	R009	CHARLTON, MA	MA	27	576	603	81502	42	129	251	410	510	719	299	154	88	121	2.700177492
01510	C001	CLINTON, MA	MA	19	631	650	63458	41	121	299	274	363	442	291	151	41	90	2.277780179
01510	C002	CLINTON, MA	MA	3	487	490	57456	39	62	197	167	153	276	139	117	36	69	2.191656599
01510	C004	CLINTON, MA	MA	5	628	633	62652	42	143	353	321	447	510	353	167	42	97	2.269950742
01510	C005	CLINTON, MA	MA	25	354	379	74251	39	88	140	172	220	301	129	54	23	43	2.431282916
01510	C006	CLINTON, MA	MA	85	439	524	52938	39	109	198	200	251	361	184	77	31	64	2.267104846
01510	C007	CLINTON, MA	MA	5	464	469	71518	39	73	123	144	164	244	117	54	20	38	2.510117725
01510	C008	CLINTON, MA	MA	10	461	471	68454	34	77	133	153	172	338	111	46	11	35	2.68771518
01510	C009	CLINTON, MA	MA	107	650	757	36945	37	107	172	168	185	270	129	43	31	44	2.194579839
01510	C010	CLINTON, MA	MA	40	425	465	55919	38	81	165	163	175	276	128	67	24	45	2.355464516
01510	C011	CLINTON, MA	MA	6	421	427	70581	42	122	319	316	418	497	325	169	41	96	2.283335857
01510	C012	CLINTON, MA	MA	51	494	545	85988	41	73	214	290	329	460	237	154	37	89	2.309349013
01510	C013	CLINTON, MA	MA	4	393	397	59498	37	77	178	165	183	268	136	64	20	42	2.29812283
01510	C014	CLINTON, MA	MA	4	584	588	101241	42	57	213	314	352	481	249	176	36	91	2.358590395
01515	R001	EAST BROOKFIELD, MA	MA	21	668	689	73733	42	48	111	152	172	254	142	89	18	37	2.676345584
01516	R001	DOUGLAS, MA	MA	10	644	654	90636	42	71	156	265	311	428	214	105	11	44	2.743869626
01516	R002	DOUGLAS, MA	MA	10	330	340	80799	39	106	242	393	417	619	260	120	21	63	2.748393486
01516	R003	DOUGLAS, MA	MA	5	594	599	89421	39	89	197	484	493	807	252	76	10	30	3.036561081
01516	R004	DOUGLAS, MA	MA	0	564	564	88591	38	100	218	522	534	867	269	76	10	32	3.068825595
01516	R005	DOUGLAS, MA	MA	18	641	659	74457	39	108	257	412	406	644	260	132	28	73	2.708042299
01518	R001	FISKDALE, MA	MA	14	699	713	56567	40	59	158	252	270	460	195	118	28	52	2.623694217
01518	R004	FISKDALE, MA	MA	10	489	499	66165	44	58	141	232	253	383	222	157	32	102	2.475222939
01519	R002	GRAFTON, MA	MA	7	630	637	102991	41	77	226	373	411	584	308	127	29	62	2.580499782
01519	R003	GRAFTON, MA	MA	5	818	823	100726	41	111	261	596	569	955	409	202	31	90	2.704349591
01519	R004	GRAFTON, MA	MA	15	541	556	98405	41	114	266	616	585	981	417	211	33	94	2.690860189
01519	R005	GRAFTON, MA	MA	9	559	568	112478	40	93	234	468	458	768	342	139	22	64	2.76896039
01520	C001	HOLDEN, MA	MA	61	445	506	83424	42	60	116	211	218	378	183	100	53	86	2.577340043
01520	C002	HOLDEN, MA	MA	0	369	369	106303	40	48	132	240	222	463	199	111	18	63	2.823401951
01520	C003	HOLDEN, MA	MA	85	351	436	94481	45	66	127	219	288	435	233	146	76	117	2.567661762
01520	C004	HOLDEN, MA	MA	69	492	561	88169	42	65	179	283	271	489	226	136	64	108	2.610090425
01520	C005	HOLDEN, MA	MA	2	375	377	94697	43	43	90	125	168	250	146	78	25	40	2.704430206
01520	C007	HOLDEN, MA	MA	0	395	395	105000	40	46	144	210	201	373	153	94	29	61	2.805292906
01520	C008	HOLDEN, MA	MA	3	365	368	80281	43	73	152	268	272	481	230	144	93	132	2.520683162
01520	C009	HOLDEN, MA	MA	4	552	556	88246	43	53	127	179	200	315	187	114	30	59	2.555406255
01520	C010	HOLDEN, MA	MA	5	386	391	88235	42	37	107	144	156	249	119	77	20	49	2.642168239
01520	C011	HOLDEN, MA	MA	3	761	764	117608	46	55	101	158	303	393	234	130	33	75	2.730722649
01520	R001	HOLDEN, MA	MA	15	730	745	99554	42	60	160	277	296	512	234	126	34	80	2.764484965
01520	R002	HOLDEN, MA	MA	11	661	672	118333	45	60	112	182	311	422	237	117	33	65	2.778753673
01521	R002	HOLLAND, MA	MA	5	679	684	72687	43	58	149	184	248	290	198	87	9	44	2.471290554
01521	R003	HOLLAND, MA	MA	2	385	387	59293	43	44	134	155	233	301	191	81	10	34	2.542913339
01521	R004	HOLLAND, MA	MA	6	86	92	76219	43	62	154	192	252	287	200	89	9	47	2.456930661
01522	R001	JEFFERSON, MA	MA	2	619	621	93511	41	75	155	294	383	572	282	117	20	55	2.808692848
01522	R002	JEFFERSON, MA	MA	13	617	630	99814	41	58	111	176	213	329	170	73	16	38	2.674654968
01523	R001	LANCASTER, MA	MA	18	653	671	85582	41	124	150	213	253	411	210	134	21	75	2.587512552
01523	R002	LANCASTER, MA	MA	26	559	585	86898	37	257	559	412	552	555	287	123	53	77	2.749830938
01523	R003	LANCASTER, MA	MA	33	472	505	92693	39	136	169	251	324	603	237	133	25	82	2.635837026
01523	R004	LANCASTER, MA	MA	19	605	624	94228	39	191	400	331	431	487	252	123	40	74	2.748899198
01524	C001	LEICESTER, MA	MA	43	280	323	57624	38	126	153	208	256	419	207	111	28	78	2.629734256
01524	C002	LEICESTER, MA	MA	3	288	291	50947	41	112	161	207	253	385	229	154	44	111	2.482643453
01524	C003	LEICESTER, MA	MA	7	363	370	61002	41	95	134	192	239	350	199	133	28	73	2.586983306
01524	C004	LEICESTER, MA	MA	21	303	324	49435	37	137	148	200	254	421	204	117	30	82	2.620375291
01524	R001	LEICESTER, MA	MA	18	589	607	77784	40	135	206	306	404	561	282	112	29	67	2.718957261
01524	R002	LEICESTER, MA	MA	0	621	621	65870	41	131	190	278	373	511	270	139	35	81	2.644170923